km/l;IAT;RPM;MAP;km/h;Load;Acelerador(%);TARGET
2,551020408;58;820;97;5;46;14,12;driver3
1,226993865;58;1703;97;5;67;14,12;driver3
1,226993865;58;1703;97;5;67;14,12;driver3
1,226993865;58;1703;97;5;67;14,12;driver3
1,226993865;58;1703;97;5;67;14,12;driver3
1,226993865;58;1703;97;5;67;14,12;driver3
1,226993865;58;1703;97;5;67;14,12;driver3
1,226993865;58;1703;97;5;67;14,12;driver3
1,226993865;58;1703;97;5;67;14,12;driver3
1,226993865;58;1703;97;5;67;13,33;driver3
1,226993865;58;1703;97;5;67;13,33;driver3
5,952380952;58;1703;20;5;67;13,33;driver3
5,952380952;58;1703;20;5;67;13,33;driver3
17,85714286;58;1703;20;15;16;13,33;driver3
22,22222222;58;1362;20;15;16;13,33;driver3
22,22222222;58;1362;20;15;16;13,33;driver3
22,22222222;58;1362;20;15;16;13,33;driver3
22,22222222;58;1362;20;15;16;13,33;driver3
22,22222222;58;1362;20;15;16;13,33;driver3
22,22222222;58;1362;20;15;16;13,33;driver3
22,22222222;58;1362;20;15;16;13,33;driver3
22,22222222;58;1362;20;15;16;20,39;driver3
22,22222222;58;1362;20;15;16;20,39;driver3
7,299270073;58;1362;61;15;16;20,39;driver3
9,803921569;58;1362;61;20;16;20,39;driver3
9,803921569;58;1362;61;20;61;20,39;driver3
6,802721088;58;1960;61;20;61;20,39;driver3
6,802721088;58;1960;61;20;61;20,39;driver3
6,802721088;58;1960;61;20;61;20,39;driver3
6,802721088;58;1960;61;20;61;20,39;driver3
6,802721088;58;1960;61;20;61;20,39;driver3
6,802721088;58;1960;61;20;61;20,39;driver3
6,802721088;58;1960;61;20;61;20,39;driver3
6,802721088;58;1960;61;20;61;20,39;driver3
6,802721088;58;1960;61;20;61;20,39;driver3
15,38461538;58;1960;27;20;61;20,39;driver3
20,83333333;58;1960;27;27;61;20,39;driver3
30,3030303;58;1320;27;27;34;20,39;driver3
30,3030303;58;1320;27;27;34;20,39;driver3
30,3030303;58;1320;27;27;34;20,39;driver3
30,3030303;58;1320;27;27;34;20,39;driver3
30,3030303;58;1320;27;27;34;20,39;driver3
30,3030303;58;1320;27;27;34;20,39;driver3
30,3030303;58;1320;27;27;34;20,39;driver3
30,3030303;58;1320;27;27;34;20,39;driver3
30,3030303;58;1320;27;27;34;24,71;driver3
30,3030303;58;1320;27;27;34;24,71;driver3
10,41666667;58;1320;80;27;34;24,71;driver3
12,34567901;58;1320;80;32;34;24,71;driver3
12,34567901;58;1320;80;32;75;24,71;driver3
7,633587786;58;2118;80;32;75;24,71;driver3
7,633587786;58;2118;80;32;75;24,71;driver3
7,633587786;58;2118;80;32;75;24,71;driver3
7,633587786;58;2118;80;32;75;24,71;driver3
7,633587786;58;2118;80;32;75;24,71;driver3
7,633587786;58;2118;80;32;75;24,71;driver3
7,633587786;58;2118;80;32;75;24,71;driver3
7,633587786;58;2118;80;32;75;14,51;driver3
7,633587786;58;2118;80;32;75;14,51;driver3
30,3030303;58;2118;20;32;75;14,51;driver3
30,3030303;58;2118;20;32;75;14,51;driver3
37,03703704;58;2118;20;38;30;14,51;driver3
62,5;58;1203;20;38;30;14,51;driver3
62,5;58;1203;20;38;30;14,51;driver3
62,5;58;1203;20;38;30;14,51;driver3
62,5;58;1203;20;38;30;14,51;driver3
62,5;58;1203;20;38;30;14,51;driver3
62,5;58;1203;20;38;30;14,51;driver3
62,5;58;1203;20;38;30;14,51;driver3
62,5;58;1203;20;38;30;21,96;driver3
62,5;58;1203;20;38;30;21,96;driver3
22,22222222;58;1203;57;38;30;21,96;driver3
22,22222222;58;1203;57;38;30;21,96;driver3
25,64102564;58;1203;57;43;14;21,96;driver3
14,49275362;58;2095;57;43;14;21,96;driver3
14,49275362;58;2095;57;43;14;21,96;driver3
14,49275362;58;2095;57;43;14;21,96;driver3
14,49275362;58;2095;57;43;14;21,96;driver3
14,49275362;58;2095;57;43;14;21,96;driver3
14,49275362;58;2095;57;43;14;21,96;driver3
14,49275362;58;2095;57;43;14;21,96;driver3
14,49275362;58;2095;57;43;14;14,9;driver3
14,49275362;58;2095;57;43;14;14,9;driver3
33,33333333;58;2095;25;43;14;14,9;driver3
33,33333333;58;2095;25;43;14;14,9;driver3
35,71428571;58;2095;25;46;18;14,9;driver3
34,48275862;58;2194;25;46;18;14,9;driver3
34,48275862;58;2194;25;46;18;14,9;driver3
34,48275862;58;2194;25;46;18;14,9;driver3
34,48275862;58;2194;25;46;18;14,9;driver3
34,48275862;58;2194;25;46;18;14,9;driver3
34,48275862;58;2194;25;46;18;14,9;driver3
34,48275862;58;2194;25;46;18;14,9;driver3
34,48275862;58;2194;25;46;18;13,73;driver3
34,48275862;58;2194;25;46;18;13,73;driver3
34,48275862;58;2194;25;46;18;13,73;driver3
45,45454545;58;2194;19;46;18;13,73;driver3
45,45454545;58;2194;19;47;18;13,73;driver3
43,47826087;58;2264;19;47;32;13,73;driver3
43,47826087;58;2264;19;47;32;13,73;driver3
43,47826087;58;2264;19;47;32;13,73;driver3
43,47826087;58;2264;19;47;32;13,73;driver3
43,47826087;58;2264;19;47;32;13,73;driver3
43,47826087;58;2264;19;47;32;13,73;driver3
43,47826087;58;2264;19;47;32;13,73;driver3
43,47826087;58;2264;19;47;32;13,73;driver3
43,47826087;58;2264;19;47;32;13,73;driver3
43,47826087;58;2264;19;47;32;13,73;driver3
43,47826087;58;2264;19;47;32;13,73;driver3
45,45454545;58;2264;19;48;32;13,73;driver3
45,45454545;58;2255;19;48;17;13,73;driver3
45,45454545;58;2255;19;48;17;13,73;driver3
45,45454545;58;2255;19;48;17;13,73;driver3
45,45454545;58;2255;19;48;17;13,73;driver3
45,45454545;58;2255;19;48;17;13,73;driver3
45,45454545;58;2255;19;48;17;13,73;driver3
45,45454545;58;2255;19;48;17;13,73;driver3
45,45454545;58;2255;19;48;17;13,73;driver3
45,45454545;58;2255;19;48;17;17,25;driver3
45,45454545;58;2255;19;48;17;17,25;driver3
45,45454545;58;2255;19;48;17;17,25;driver3
43,47826087;58;2255;19;46;17;17,25;driver3
45,45454545;58;2203;19;46;0;17,25;driver3
45,45454545;58;2203;19;46;0;17,25;driver3
45,45454545;58;2203;19;46;0;17,25;driver3
45,45454545;58;2203;19;46;0;17,25;driver3
45,45454545;58;2203;19;46;0;17,25;driver3
45,45454545;58;2203;19;46;0;17,25;driver3
45,45454545;58;2203;19;46;0;17,25;driver3
45,45454545;58;2203;19;46;0;17,25;driver3
45,45454545;58;2203;19;46;0;13,33;driver3
45,45454545;58;2203;19;46;0;13,33;driver3
30,3030303;58;2203;28;46;0;13,33;driver3
27,77777778;58;2203;28;42;0;13,33;driver3
27,77777778;58;2203;28;42;0;13,33;driver3
31,25;58;1965;28;42;0;13,33;driver3
31,25;58;1965;28;42;0;13,33;driver3
31,25;58;1965;28;42;0;13,33;driver3
31,25;58;1965;28;42;0;13,33;driver3
31,25;58;1965;28;42;0;13,33;driver3
31,25;58;1965;28;42;0;13,33;driver3
31,25;58;1965;28;42;0;13,33;driver3
31,25;58;1965;28;42;0;14,9;driver3
31,25;58;1965;28;42;0;14,9;driver3
15,87301587;58;1965;55;42;0;14,9;driver3
15,87301587;58;1965;55;42;0;14,9;driver3
12,04819277;58;1965;55;32;34;14,9;driver3
26,31578947;58;908;55;32;34;14,9;driver3
26,31578947;58;908;55;32;34;14,9;driver3
26,31578947;58;908;55;32;34;14,9;driver3
26,31578947;58;908;55;32;34;14,9;driver3
26,31578947;58;908;55;32;34;14,9;driver3
26,31578947;58;908;55;32;34;14,9;driver3
26,31578947;58;908;55;32;34;14,9;driver3
26,31578947;58;908;55;32;34;14,9;driver3
26,31578947;58;908;55;32;34;14,9;driver3
27,02702703;58;908;53;32;34;14,9;driver3
27,02702703;58;908;53;32;34;14,9;driver3
16,94915254;58;908;53;20;37;14,9;driver3
16,12903226;58;944;53;20;37;14,9;driver3
16,12903226;58;944;53;20;37;14,9;driver3
16,12903226;58;944;53;20;37;14,9;driver3
16,12903226;58;944;53;20;37;14,9;driver3
16,12903226;58;944;53;20;37;14,9;driver3
16,12903226;58;944;53;20;37;14,9;driver3
16,12903226;58;944;53;20;37;14,9;driver3
16,12903226;58;944;53;20;37;21,57;driver3
16,12903226;58;944;53;20;37;21,57;driver3
16,12903226;58;944;53;20;37;21,57;driver3
26,31578947;58;944;33;20;37;21,57;driver3
30,3030303;58;944;33;23;37;21,57;driver3
13,33333333;58;2112;33;23;30;21,57;driver3
13,33333333;58;2112;33;23;30;21,57;driver3
13,33333333;58;2112;33;23;30;21,57;driver3
13,33333333;58;2112;33;23;30;21,57;driver3
13,33333333;58;2112;33;23;30;21,57;driver3
13,33333333;58;2112;33;23;30;21,57;driver3
13,33333333;58;2112;33;23;30;21,57;driver3
13,33333333;58;2112;33;23;30;25,88;driver3
13,33333333;58;2112;33;23;30;25,88;driver3
13,33333333;59;2112;33;23;30;25,88;driver3
11,62790698;59;2112;38;23;30;25,88;driver3
12,19512195;59;2112;38;24;30;25,88;driver3
11,49425287;59;2229;38;24;13;25,88;driver3
11,49425287;59;2229;38;24;13;25,88;driver3
11,49425287;59;2229;38;24;13;25,88;driver3
11,49425287;59;2229;38;24;13;25,88;driver3
11,49425287;59;2229;38;24;13;25,88;driver3
11,49425287;59;2229;38;24;13;25,88;driver3
11,49425287;59;2229;38;24;13;25,88;driver3
11,49425287;59;2229;38;24;13;25,88;driver3
11,49425287;59;2229;38;24;13;20,39;driver3
11,49425287;59;2229;38;24;13;20,39;driver3
8,620689655;59;2229;51;24;13;20,39;driver3
8,928571429;59;2229;51;25;13;20,39;driver3
8,130081301;59;2457;51;25;24;20,39;driver3
8,130081301;59;2457;51;25;24;20,39;driver3
8,130081301;59;2457;51;25;24;20,39;driver3
8,130081301;59;2457;51;25;24;20,39;driver3
8,130081301;59;2457;51;25;24;20,39;driver3
8,130081301;59;2457;51;25;24;20,39;driver3
8,130081301;59;2457;51;25;24;20,39;driver3
8,130081301;59;2457;51;25;24;20,39;driver3
8,130081301;59;2457;51;25;24;20,39;driver3
8,130081301;59;2457;51;25;24;20,39;driver3
15,38461538;59;2457;27;25;24;20,39;driver3
15,38461538;59;2457;27;25;24;20,39;driver3
17,85714286;59;2457;27;29;27;20,39;driver3
23,25581395;59;1896;27;29;27;20,39;driver3
23,25581395;59;1896;27;29;27;20,39;driver3
23,25581395;59;1896;27;29;27;20,39;driver3
23,25581395;59;1896;27;29;27;20,39;driver3
23,25581395;59;1896;27;29;27;20,39;driver3
23,25581395;59;1896;27;29;27;20,39;driver3
23,25581395;59;1896;27;29;27;20,39;driver3
23,25581395;59;1896;27;29;27;45,88;driver3
23,25581395;59;1896;27;29;27;45,88;driver3
6,329113924;59;1896;98;29;27;45,88;driver3
6,329113924;59;1896;98;29;27;45,88;driver3
8,130081301;59;1896;98;37;21;45,88;driver3
6,666666667;59;2305;98;37;21;45,88;driver3
6,666666667;59;2305;98;37;21;45,88;driver3
6,666666667;59;2305;98;37;21;45,88;driver3
6,666666667;59;2305;98;37;21;45,88;driver3
6,666666667;59;2305;98;37;21;45,88;driver3
6,666666667;59;2305;98;37;21;45,88;driver3
6,666666667;59;2305;98;37;21;45,88;driver3
6,666666667;59;2305;98;37;21;43,14;driver3
6,666666667;59;2305;98;37;21;43,14;driver3
6,666666667;59;2305;98;37;21;43,14;driver3
6,666666667;59;2305;98;37;21;43,14;driver3
7,194244604;59;2305;98;40;21;43,14;driver3
8,333333333;59;1991;98;40;100;43,14;driver3
8,333333333;59;1991;98;40;100;43,14;driver3
8,333333333;59;1991;98;40;100;43,14;driver3
8,333333333;59;1991;98;40;100;43,14;driver3
8,333333333;59;1991;98;40;100;43,14;driver3
8,333333333;59;1991;98;40;100;43,14;driver3
8,333333333;59;1991;98;40;100;43,14;driver3
8,333333333;59;1991;98;40;100;43,14;driver3
8,333333333;59;1991;98;40;100;46,67;driver3
8,333333333;59;1991;98;40;100;46,67;driver3
8,333333333;59;1991;98;40;100;46,67;driver3
10,41666667;59;1991;98;50;100;46,67;driver3
8,620689655;59;2407;98;50;99;46,67;driver3
8,620689655;59;2407;98;50;99;46,67;driver3
8,620689655;59;2407;98;50;99;46,67;driver3
8,620689655;59;2407;98;50;99;46,67;driver3
8,620689655;59;2407;98;50;99;46,67;driver3
8,620689655;59;2407;98;50;99;46,67;driver3
8,620689655;59;2407;98;50;99;46,67;driver3
8,620689655;59;2407;98;50;99;22,35;driver3
8,620689655;59;2407;98;50;99;22,35;driver3
8,620689655;59;2407;98;50;99;22,35;driver3
14,28571429;59;2407;59;50;99;22,35;driver3
15,15151515;59;2407;59;53;99;22,35;driver3
14,28571429;59;2539;59;53;48;22,35;driver3
14,28571429;59;2539;59;53;48;22,35;driver3
14,28571429;59;2539;59;53;48;22,35;driver3
14,28571429;59;2539;59;53;48;22,35;driver3
14,28571429;59;2539;59;53;48;22,35;driver3
14,28571429;59;2539;59;53;48;22,35;driver3
14,28571429;59;2539;59;53;48;22,35;driver3
14,28571429;59;2539;59;53;48;22,35;driver3
14,28571429;59;2539;59;53;48;17,25;driver3
14,28571429;59;2539;59;53;48;17,25;driver3
25;59;2539;34;53;48;17,25;driver3
24,3902439;59;2539;34;52;48;17,25;driver3
24,3902439;59;2539;34;52;28;17,25;driver3
25,64102564;59;2439;34;52;28;17,25;driver3
25,64102564;59;2439;34;52;28;17,25;driver3
25,64102564;59;2439;34;52;28;17,25;driver3
25,64102564;59;2439;34;52;28;17,25;driver3
25,64102564;59;2439;34;52;28;17,25;driver3
25,64102564;59;2439;34;52;28;17,25;driver3
25,64102564;59;2439;34;52;28;17,25;driver3
25,64102564;59;2439;34;52;28;22,75;driver3
25,64102564;59;2439;34;52;28;22,75;driver3
13,15789474;59;2439;66;52;28;22,75;driver3
13,15789474;59;2439;66;52;28;22,75;driver3
13,15789474;59;2439;66;52;72;22,75;driver3
12,82051282;59;2512;66;52;72;22,75;driver3
12,82051282;59;2512;66;52;72;22,75;driver3
12,82051282;59;2512;66;52;72;22,75;driver3
12,82051282;59;2512;66;52;72;22,75;driver3
12,82051282;59;2512;66;52;72;22,75;driver3
12,82051282;59;2512;66;52;72;22,75;driver3
12,82051282;59;2512;66;52;72;22,75;driver3
12,82051282;59;2512;66;52;72;18,43;driver3
12,82051282;59;2512;66;52;72;18,43;driver3
23,25581395;59;2512;36;52;72;18,43;driver3
23,25581395;59;2512;36;52;72;18,43;driver3
23,25581395;59;2512;36;52;37;18,43;driver3
23,80952381;59;2473;36;52;37;18,43;driver3
23,80952381;59;2473;36;52;37;18,43;driver3
23,80952381;59;2473;36;52;37;18,43;driver3
23,80952381;59;2473;36;52;37;18,43;driver3
23,80952381;59;2473;36;52;37;18,43;driver3
23,80952381;59;2473;36;52;37;18,43;driver3
23,80952381;59;2473;36;52;37;18,43;driver3
23,80952381;59;2473;36;52;37;23,53;driver3
23,80952381;59;2473;36;52;37;23,53;driver3
23,80952381;59;2473;36;52;37;23,53;driver3
13,69863014;59;2473;62;52;37;23,53;driver3
14,08450704;59;2473;62;53;37;23,53;driver3
13,69863014;59;2549;62;53;53;23,53;driver3
13,69863014;59;2549;62;53;53;23,53;driver3
13,69863014;59;2549;62;53;53;23,53;driver3
13,69863014;59;2549;62;53;53;23,53;driver3
13,69863014;59;2549;62;53;53;23,53;driver3
13,69863014;59;2549;62;53;53;23,53;driver3
13,69863014;59;2549;62;53;53;23,53;driver3
13,69863014;59;2549;62;53;53;23,53;driver3
13,69863014;59;2549;62;53;53;23,14;driver3
13,69863014;59;2549;62;53;53;23,14;driver3
35,71428571;59;2549;24;53;53;23,14;driver3
35,71428571;59;2549;24;54;53;23,14;driver3
35,71428571;59;2580;24;54;23;23,14;driver3
35,71428571;59;2580;24;54;23;23,14;driver3
35,71428571;59;2580;24;54;23;23,14;driver3
35,71428571;59;2580;24;54;23;23,14;driver3
35,71428571;59;2580;24;54;23;23,14;driver3
35,71428571;59;2580;24;54;23;23,14;driver3
35,71428571;59;2580;24;54;23;23,14;driver3
35,71428571;59;2580;24;54;23;23,14;driver3
35,71428571;59;2580;24;54;23;13,73;driver3
35,71428571;59;2580;24;54;23;13,73;driver3
43,47826087;59;2580;20;54;23;13,73;driver3
37,03703704;59;2580;20;47;23;13,73;driver3
90,90909091;59;1079;20;47;38;13,73;driver3
90,90909091;59;1079;20;47;38;13,73;driver3
90,90909091;59;1079;20;47;38;13,73;driver3
90,90909091;59;1079;20;47;38;13,73;driver3
90,90909091;59;1079;20;47;38;13,73;driver3
90,90909091;59;1079;20;47;38;13,73;driver3
90,90909091;59;1079;20;47;38;13,73;driver3
90,90909091;59;1079;20;47;38;13,73;driver3
90,90909091;59;1079;20;47;38;14,9;driver3
90,90909091;59;1079;20;47;38;14,9;driver3
34,48275862;59;1079;51;47;38;14,9;driver3
26,31578947;59;1079;51;36;38;14,9;driver3
26,31578947;59;1079;51;36;36;14,9;driver3
32,25806452;59;889;51;36;36;14,9;driver3
32,25806452;59;889;51;36;36;14,9;driver3
32,25806452;59;889;51;36;36;14,9;driver3
32,25806452;59;889;51;36;36;14,9;driver3
32,25806452;59;889;51;36;36;14,9;driver3
32,25806452;59;889;51;36;36;14,9;driver3
32,25806452;59;889;51;36;36;14,9;driver3
32,25806452;59;889;51;36;36;14,9;driver3
32,25806452;59;889;51;36;36;14,9;driver3
32,25806452;59;889;51;36;36;14,9;driver3
30,3030303;59;889;54;36;36;14,9;driver3
12,65822785;59;889;54;15;36;14,9;driver3
12,82051282;59;886;54;15;36;14,9;driver3
12,82051282;59;886;54;15;36;14,9;driver3
12,82051282;59;886;54;15;36;14,9;driver3
12,82051282;59;886;54;15;36;14,9;driver3
12,82051282;59;886;54;15;36;14,9;driver3
12,82051282;59;886;54;15;36;14,9;driver3
12,82051282;59;886;54;15;36;14,9;driver3
12,82051282;59;886;54;15;36;29,02;driver3
12,82051282;59;886;54;15;36;29,02;driver3
8,196721311;59;886;84;15;36;29,02;driver3
8,196721311;59;886;84;15;36;29,02;driver3
13,15789474;59;886;84;24;36;29,02;driver3
4,830917874;59;2410;84;24;73;29,02;driver3
4,830917874;59;2410;84;24;73;29,02;driver3
4,830917874;59;2410;84;24;73;29,02;driver3
4,830917874;59;2410;84;24;73;29,02;driver3
4,830917874;59;2410;84;24;73;29,02;driver3
4,830917874;59;2410;84;24;73;29,02;driver3
4,830917874;59;2410;84;24;73;29,02;driver3
4,830917874;59;2410;84;24;73;29,02;driver3
4,830917874;59;2410;84;24;73;26,67;driver3
4,830917874;59;2410;84;24;73;26,67;driver3
4,132231405;59;2410;98;24;73;26,67;driver3
5,154639175;59;2410;98;30;73;26,67;driver3
5,154639175;59;2410;98;30;99;26,67;driver3
6,060606061;59;2060;98;30;99;26,67;driver3
6,060606061;59;2060;98;30;99;26,67;driver3
6,060606061;59;2060;98;30;99;26,67;driver3
6,060606061;59;2060;98;30;99;26,67;driver3
6,060606061;59;2060;98;30;99;26,67;driver3
6,060606061;59;2060;98;30;99;26,67;driver3
6,060606061;59;2060;98;30;99;26,67;driver3
6,060606061;59;2060;98;30;99;26,67;driver3
6,060606061;59;2060;98;30;99;15,29;driver3
6,060606061;59;2060;98;30;99;15,29;driver3
10,75268817;59;2060;55;30;99;15,29;driver3
12,98701299;59;2060;55;36;99;15,29;driver3
14,92537313;59;1780;55;36;98;15,29;driver3
14,92537313;59;1780;55;36;98;15,29;driver3
14,92537313;59;1780;55;36;98;15,29;driver3
14,92537313;59;1780;55;36;98;15,29;driver3
14,92537313;59;1780;55;36;98;15,29;driver3
14,92537313;59;1780;55;36;98;15,29;driver3
14,92537313;59;1780;55;36;98;15,29;driver3
14,92537313;59;1780;55;36;98;15,29;driver3
14,92537313;59;1780;55;36;98;18,82;driver3
14,92537313;59;1780;55;36;98;18,82;driver3
14,92537313;59;1780;55;36;98;18,82;driver3
35,71428571;59;1780;23;36;98;18,82;driver3
40;59;1780;23;41;0;18,82;driver3
37,03703704;59;1943;23;41;0;18,82;driver3
37,03703704;59;1943;23;41;0;18,82;driver3
37,03703704;59;1943;23;41;0;18,82;driver3
37,03703704;59;1943;23;41;0;18,82;driver3
37,03703704;59;1943;23;41;0;18,82;driver3
37,03703704;59;1943;23;41;0;18,82;driver3
37,03703704;59;1943;23;41;0;18,82;driver3
37,03703704;59;1943;23;41;0;18,82;driver3
37,03703704;59;1943;23;41;0;18,82;driver3
37,03703704;59;1943;23;41;0;18,82;driver3
14,28571429;59;1943;60;41;0;18,82;driver3
12,98701299;59;1943;60;37;77;18,82;driver3
14,28571429;59;1751;60;37;77;18,82;driver3
14,28571429;59;1751;60;37;77;18,82;driver3
14,28571429;59;1751;60;37;77;18,82;driver3
14,28571429;59;1751;60;37;77;18,82;driver3
14,28571429;59;1751;60;37;77;18,82;driver3
14,28571429;59;1751;60;37;77;18,82;driver3
14,28571429;59;1751;60;37;77;18,82;driver3
14,28571429;59;1751;60;37;77;21,57;driver3
14,28571429;59;1751;60;37;77;21,57;driver3
14,28571429;59;1751;60;37;77;21,57;driver3
30,3030303;59;1751;28;37;77;21,57;driver3
32,25806452;59;1751;28;39;77;21,57;driver3
31,25;59;1809;28;39;11;21,57;driver3
31,25;59;1809;28;39;11;21,57;driver3
31,25;59;1809;28;39;11;21,57;driver3
31,25;59;1809;28;39;11;21,57;driver3
31,25;59;1809;28;39;11;21,57;driver3
31,25;59;1809;28;39;11;21,57;driver3
31,25;59;1809;28;39;11;21,57;driver3
31,25;59;1809;28;39;11;16,47;driver3
31,25;59;1809;28;39;11;16,47;driver3
31,25;59;1809;28;39;11;16,47;driver3
21,27659574;59;1809;41;39;11;16,47;driver3
18,51851852;59;1809;41;34;42;16,47;driver3
20,83333333;59;1622;41;34;42;16,47;driver3
20,83333333;59;1622;41;34;42;16,47;driver3
20,83333333;59;1622;41;34;42;16,47;driver3
20,83333333;59;1622;41;34;42;16,47;driver3
20,83333333;59;1622;41;34;42;16,47;driver3
20,83333333;59;1622;41;34;42;16,47;driver3
20,83333333;59;1622;41;34;42;16,47;driver3
20,83333333;59;1622;41;34;42;16,47;driver3
20,83333333;59;1622;41;34;42;12,16;driver3
20,83333333;59;1622;41;34;42;12,16;driver3
37,03703704;59;1622;23;34;42;12,16;driver3
34,48275862;59;1622;23;32;42;12,16;driver3
38,46153846;59;1497;23;32;19;12,16;driver3
38,46153846;59;1497;23;32;19;12,16;driver3
38,46153846;59;1497;23;32;19;12,16;driver3
38,46153846;59;1497;23;32;19;12,16;driver3
38,46153846;59;1497;23;32;19;12,16;driver3
38,46153846;59;1497;23;32;19;12,16;driver3
38,46153846;59;1497;23;32;19;12,16;driver3
38,46153846;59;1497;23;32;19;12,16;driver3
38,46153846;59;1497;23;32;19;15,69;driver3
38,46153846;59;1497;23;32;19;15,69;driver3
17,85714286;59;1497;49;32;19;15,69;driver3
15,625;59;1497;49;28;19;15,69;driver3
15,625;59;1497;49;28;35;15,69;driver3
23,25581395;59;991;49;28;35;15,69;driver3
23,25581395;59;991;49;28;35;15,69;driver3
23,25581395;59;991;49;28;35;15,69;driver3
23,25581395;59;991;49;28;35;15,69;driver3
23,25581395;59;991;49;28;35;15,69;driver3
23,25581395;59;991;49;28;35;15,69;driver3
23,25581395;59;991;49;28;35;15,69;driver3
23,25581395;59;991;49;28;35;14,9;driver3
23,25581395;59;991;49;28;35;14,9;driver3
21,73913043;59;991;53;28;35;14,9;driver3
21,73913043;59;991;53;28;35;14,9;driver3
15,38461538;59;991;53;20;38;14,9;driver3
17,54385965;59;867;53;20;38;14,9;driver3
17,54385965;59;867;53;20;38;14,9;driver3
17,54385965;59;867;53;20;38;14,9;driver3
17,54385965;59;867;53;20;38;14,9;driver3
17,54385965;59;867;53;20;38;14,9;driver3
17,54385965;59;867;53;20;38;14,9;driver3
17,54385965;59;867;53;20;38;14,9;driver3
17,54385965;59;867;53;20;38;27,84;driver3
17,54385965;59;867;53;20;38;27,84;driver3
17,54385965;59;867;53;20;38;27,84;driver3
12,82051282;59;867;73;20;38;27,84;driver3
9,009009009;59;867;73;14;38;27,84;driver3
5,882352941;59;1327;73;14;75;27,84;driver3
5,882352941;59;1327;73;14;75;27,84;driver3
5,882352941;59;1327;73;14;75;27,84;driver3
5,882352941;59;1327;73;14;75;27,84;driver3
5,882352941;59;1327;73;14;75;27,84;driver3
5,882352941;59;1327;73;14;75;27,84;driver3
5,882352941;59;1327;73;14;75;27,84;driver3
5,882352941;59;1327;73;14;75;27,84;driver3
5,882352941;59;1327;73;14;75;27,84;driver3
5,882352941;59;1327;73;14;75;27,84;driver3
4,385964912;59;1327;98;14;75;27,84;driver3
6,578947368;59;1327;98;21;75;27,84;driver3
3,816793893;59;2279;98;21;96;27,84;driver3
3,816793893;59;2279;98;21;96;27,84;driver3
3,816793893;59;2279;98;21;96;27,84;driver3
3,816793893;59;2279;98;21;96;27,84;driver3
3,816793893;59;2279;98;21;96;27,84;driver3
3,816793893;59;2279;98;21;96;27,84;driver3
3,816793893;59;2279;98;21;96;27,84;driver3
3,816793893;59;2279;98;21;96;27,84;driver3
3,816793893;59;2279;98;21;96;19,22;driver3
3,816793893;59;2279;98;21;96;19,22;driver3
3,861003861;59;2279;97;21;96;19,22;driver3
5,154639175;59;2279;97;28;96;19,22;driver3
6,172839506;59;1903;97;28;91;19,22;driver3
6,172839506;59;1903;97;28;91;19,22;driver3
6,172839506;59;1903;97;28;91;19,22;driver3
6,172839506;59;1903;97;28;91;19,22;driver3
6,172839506;59;1903;97;28;91;19,22;driver3
6,172839506;59;1903;97;28;91;19,22;driver3
6,172839506;59;1903;97;28;91;19,22;driver3
6,172839506;59;1903;97;28;91;19,22;driver3
6,172839506;59;1903;97;28;91;18,04;driver3
6,172839506;59;1903;97;28;91;18,04;driver3
6,451612903;59;1903;93;28;91;18,04;driver3
7,575757576;59;1903;93;33;91;18,04;driver3
7,575757576;59;1903;93;33;99;18,04;driver3
9,090909091;59;1590;93;33;99;18,04;driver3
9,090909091;59;1590;93;33;99;18,04;driver3
9,090909091;59;1590;93;33;99;18,04;driver3
9,090909091;59;1590;93;33;99;18,04;driver3
9,090909091;59;1590;93;33;99;18,04;driver3
9,090909091;59;1590;93;33;99;18,04;driver3
9,090909091;59;1590;93;33;99;18,04;driver3
9,090909091;59;1590;93;33;99;34,9;driver3
9,090909091;59;1590;93;33;99;34,9;driver3
9,174311927;59;1590;92;33;99;34,9;driver3
11,36363636;59;1590;92;41;99;34,9;driver3
11,36363636;59;1590;92;41;83;34,9;driver3
9,090909091;59;1992;92;41;83;34,9;driver3
9,090909091;59;1992;92;41;83;34,9;driver3
9,090909091;59;1992;92;41;83;34,9;driver3
9,090909091;59;1992;92;41;83;34,9;driver3
9,090909091;59;1992;92;41;83;34,9;driver3
9,090909091;59;1992;92;41;83;34,9;driver3
9,090909091;59;1992;92;41;83;34,9;driver3
9,090909091;59;1992;92;41;83;22,35;driver3
9,090909091;59;1992;92;41;83;22,35;driver3
9,090909091;59;1992;92;41;83;22,35;driver3
13,33333333;59;1992;63;41;83;22,35;driver3
14,92537313;59;1992;63;46;52;22,35;driver3
13,33333333;59;2236;63;46;52;22,35;driver3
13,33333333;59;2236;63;46;52;22,35;driver3
13,33333333;59;2236;63;46;52;22,35;driver3
13,33333333;59;2236;63;46;52;22,35;driver3
13,33333333;59;2236;63;46;52;22,35;driver3
13,33333333;59;2236;63;46;52;22,35;driver3
13,33333333;59;2236;63;46;52;22,35;driver3
13,33333333;59;2236;63;46;52;18,04;driver3
13,33333333;59;2236;63;46;52;18,04;driver3
21,27659574;59;2236;39;46;52;18,04;driver3
21,27659574;59;2236;39;46;52;18,04;driver3
21,73913043;59;2236;39;47;52;18,04;driver3
22,22222222;59;2209;39;47;33;18,04;driver3
22,22222222;59;2209;39;47;33;18,04;driver3
22,22222222;59;2209;39;47;33;18,04;driver3
22,22222222;59;2209;39;47;33;18,04;driver3
22,22222222;59;2209;39;47;33;18,04;driver3
22,22222222;59;2209;39;47;33;18,04;driver3
22,22222222;59;2209;39;47;33;18,04;driver3
22,22222222;59;2209;39;47;33;18,04;driver3
22,22222222;59;2209;39;47;33;20,39;driver3
22,22222222;59;2209;39;47;33;20,39;driver3
13,88888889;59;2209;62;47;33;20,39;driver3
12,82051282;59;2209;62;43;33;20,39;driver3
14,08450704;59;1993;62;43;13;20,39;driver3
14,08450704;59;1993;62;43;13;20,39;driver3
14,08450704;59;1993;62;43;13;20,39;driver3
14,08450704;59;1993;62;43;13;20,39;driver3
14,08450704;59;1993;62;43;13;20,39;driver3
14,08450704;59;1993;62;43;13;20,39;driver3
14,08450704;59;1993;62;43;13;20,39;driver3
14,08450704;59;1993;62;43;13;20,39;driver3
14,08450704;59;1993;62;43;13;15,29;driver3
14,08450704;59;1993;62;43;13;15,29;driver3
14,08450704;59;1993;62;43;13;15,29;driver3
18,18181818;59;1993;48;43;13;15,29;driver3
15,38461538;59;1993;48;36;13;15,29;driver3
33,33333333;59;909;48;36;37;15,29;driver3
33,33333333;59;909;48;36;37;15,29;driver3
33,33333333;59;909;48;36;37;15,29;driver3
33,33333333;59;909;48;36;37;15,29;driver3
33,33333333;59;909;48;36;37;15,29;driver3
33,33333333;59;909;48;36;37;15,29;driver3
33,33333333;59;909;48;36;37;15,29;driver3
33,33333333;59;909;48;36;37;15,29;driver3
33,33333333;59;909;48;36;37;15,29;driver3
33,33333333;59;909;48;36;37;15,29;driver3
29,41176471;59;909;55;36;37;15,29;driver3
19,60784314;59;909;55;24;37;15,29;driver3
18,86792453;59;945;55;24;41;15,29;driver3
18,86792453;59;945;55;24;41;15,29;driver3
18,86792453;59;945;55;24;41;15,29;driver3
18,86792453;59;945;55;24;41;15,29;driver3
18,86792453;59;945;55;24;41;15,29;driver3
18,86792453;59;945;55;24;41;15,29;driver3
18,86792453;59;945;55;24;41;15,29;driver3
18,86792453;59;945;55;24;41;15,29;driver3
18,86792453;59;945;55;24;41;20;driver3
18,86792453;59;945;55;24;41;20;driver3
12,82051282;59;945;81;24;41;20;driver3
8;59;945;81;15;41;20;driver3
4,926108374;59;1532;81;15;68;20;driver3
4,926108374;59;1532;81;15;68;20;driver3
4,926108374;59;1532;81;15;68;20;driver3
4,926108374;59;1532;81;15;68;20;driver3
4,926108374;59;1532;81;15;68;20;driver3
4,926108374;59;1532;81;15;68;20;driver3
4,926108374;59;1532;81;15;68;20;driver3
4,926108374;59;1532;81;15;68;26,27;driver3
4,926108374;59;1532;81;15;68;26,27;driver3
4,926108374;59;1532;81;15;68;26,27;driver3
5,847953216;59;1532;68;15;68;26,27;driver3
9,345794393;59;1532;68;24;68;26,27;driver3
6,25;59;2291;68;24;23;26,27;driver3
6,25;59;2291;68;24;23;26,27;driver3
6,25;59;2291;68;24;23;26,27;driver3
6,25;59;2291;68;24;23;26,27;driver3
6,25;59;2291;68;24;23;26,27;driver3
6,25;59;2291;68;24;23;26,27;driver3
6,25;59;2291;68;24;23;26,27;driver3
6,25;59;2291;68;24;23;26,27;driver3
6,25;59;2291;68;24;23;40,78;driver3
6,25;59;2291;68;24;23;40,78;driver3
4,347826087;59;2291;98;24;23;40,78;driver3
5,076142132;59;2291;98;28;23;40,78;driver3
6,024096386;59;1931;98;28;100;40,78;driver3
6,024096386;59;1931;98;28;100;40,78;driver3
6,024096386;59;1931;98;28;100;40,78;driver3
6,024096386;59;1931;98;28;100;40,78;driver3
6,024096386;59;1931;98;28;100;40,78;driver3
6,024096386;59;1931;98;28;100;40,78;driver3
6,024096386;59;1931;98;28;100;40,78;driver3
6,024096386;59;1931;98;28;100;40,78;driver3
6,024096386;59;1931;98;28;100;17,65;driver3
6,024096386;59;1931;98;28;100;17,65;driver3
6,024096386;59;1931;98;28;100;17,65;driver3
6,896551724;59;1931;98;32;100;17,65;driver3
8,547008547;59;1556;98;32;99;17,65;driver3
8,547008547;59;1556;98;32;99;17,65;driver3
8,547008547;59;1556;98;32;99;17,65;driver3
8,547008547;59;1556;98;32;99;17,65;driver3
8,547008547;59;1556;98;32;99;17,65;driver3
8,547008547;59;1556;98;32;99;17,65;driver3
8,547008547;59;1556;98;32;99;17,65;driver3
8,547008547;59;1556;98;32;99;17,65;driver3
8,547008547;59;1556;98;32;99;42,35;driver3
8,547008547;59;1556;98;32;99;42,35;driver3
8,547008547;59;1556;98;32;99;42,35;driver3
10,63829787;59;1556;98;40;99;42,35;driver3
8,620689655;59;1929;98;40;100;42,35;driver3
8,620689655;59;1929;98;40;100;42,35;driver3
8,620689655;59;1929;98;40;100;42,35;driver3
8,620689655;59;1929;98;40;100;42,35;driver3
8,620689655;59;1929;98;40;100;42,35;driver3
8,620689655;59;1929;98;40;100;42,35;driver3
8,620689655;59;1929;98;40;100;42,35;driver3
8,620689655;59;1929;98;40;100;42,35;driver3
8,620689655;59;1929;98;40;100;45,88;driver3
8,620689655;59;1929;98;40;100;45,88;driver3
9,433962264;59;1929;89;40;100;45,88;driver3
11,11111111;59;1929;89;47;100;45,88;driver3
11,11111111;59;1929;89;47;61;45,88;driver3
9,433962264;59;2281;89;47;61;45,88;driver3
9,433962264;59;2281;89;47;61;45,88;driver3
9,433962264;59;2281;89;47;61;45,88;driver3
9,433962264;59;2281;89;47;61;45,88;driver3
9,433962264;59;2281;89;47;61;45,88;driver3
9,433962264;59;2281;89;47;61;45,88;driver3
9,433962264;59;2281;89;47;61;45,88;driver3
9,433962264;59;2281;89;47;61;13,33;driver3
9,433962264;59;2281;89;47;61;13,33;driver3
22,72727273;59;2281;37;47;61;13,33;driver3
22,72727273;59;2281;37;47;61;13,33;driver3
23,25581395;59;2281;37;48;47;13,33;driver3
23,25581395;59;2291;37;48;47;13,33;driver3
23,25581395;59;2291;37;48;47;13,33;driver3
23,25581395;59;2291;37;48;47;13,33;driver3
23,25581395;59;2291;37;48;47;13,33;driver3
23,25581395;59;2291;37;48;47;13,33;driver3
23,25581395;59;2291;37;48;47;13,33;driver3
23,25581395;59;2291;37;48;47;13,33;driver3
23,25581395;59;2291;37;48;47;13,33;driver3
23,25581395;59;2291;37;48;47;13,33;driver3
23,25581395;59;2291;37;48;47;13,33;driver3
45,45454545;59;2291;19;48;47;13,33;driver3
45,45454545;59;2291;19;48;47;13,33;driver3
45,45454545;59;2253;19;48;0;13,33;driver3
45,45454545;59;2253;19;48;0;13,33;driver3
45,45454545;59;2253;19;48;0;13,33;driver3
45,45454545;59;2253;19;48;0;13,33;driver3
45,45454545;59;2253;19;48;0;13,33;driver3
45,45454545;59;2253;19;48;0;13,33;driver3
45,45454545;59;2253;19;48;0;13,33;driver3
45,45454545;59;2253;19;48;0;17,25;driver3
45,45454545;59;2253;19;48;0;17,25;driver3
45,45454545;59;2253;19;48;0;17,25;driver3
26,31578947;59;2253;33;48;0;17,25;driver3
24,3902439;59;2253;33;45;0;17,25;driver3
25,64102564;59;2153;33;45;27;17,25;driver3
25,64102564;59;2153;33;45;27;17,25;driver3
25,64102564;59;2153;33;45;27;17,25;driver3
25,64102564;59;2153;33;45;27;17,25;driver3
25,64102564;59;2153;33;45;27;17,25;driver3
25,64102564;59;2153;33;45;27;17,25;driver3
25,64102564;59;2153;33;45;27;17,25;driver3
25,64102564;59;2153;33;45;27;17,25;driver3
25,64102564;59;2153;33;45;27;18,43;driver3
25,64102564;59;2153;33;45;27;18,43;driver3
16,94915254;59;2153;50;45;27;18,43;driver3
15,87301587;59;2153;50;42;27;18,43;driver3
16,66666667;59;2039;50;42;68;18,43;driver3
16,66666667;59;2039;50;42;68;18,43;driver3
16,66666667;59;2039;50;42;68;18,43;driver3
16,66666667;59;2039;50;42;68;18,43;driver3
16,66666667;59;2039;50;42;68;18,43;driver3
16,66666667;59;2039;50;42;68;18,43;driver3
16,66666667;59;2039;50;42;68;18,43;driver3
16,66666667;59;2039;50;42;68;18,43;driver3
16,66666667;59;2039;50;42;68;24,71;driver3
16,66666667;59;2039;50;42;68;24,71;driver3
12,19512195;59;2039;69;42;68;24,71;driver3
12,19512195;59;2039;69;42;68;24,71;driver3
13,33333333;59;2039;69;46;48;24,71;driver3
12,34567901;59;2201;69;46;48;24,71;driver3
12,34567901;59;2201;69;46;48;24,71;driver3
12,34567901;59;2201;69;46;48;24,71;driver3
12,34567901;59;2201;69;46;48;24,71;driver3
12,34567901;59;2201;69;46;48;24,71;driver3
12,34567901;59;2201;69;46;48;24,71;driver3
12,34567901;59;2201;69;46;48;24,71;driver3
12,34567901;59;2201;69;46;48;14,51;driver3
12,34567901;59;2201;69;46;48;14,51;driver3
24,3902439;59;2201;35;46;48;14,51;driver3
24,3902439;59;2201;35;46;48;14,51;driver3
22,72727273;59;2201;35;43;47;14,51;driver3
23,80952381;59;2075;35;43;47;14,51;driver3
23,80952381;59;2075;35;43;47;14,51;driver3
23,80952381;59;2075;35;43;47;14,51;driver3
23,80952381;59;2075;35;43;47;14,51;driver3
23,80952381;59;2075;35;43;47;14,51;driver3
23,80952381;59;2075;35;43;47;14,51;driver3
23,80952381;59;2075;35;43;47;14,51;driver3
23,80952381;59;2075;35;43;47;13,33;driver3
23,80952381;59;2075;35;43;47;13,33;driver3
23,80952381;59;2075;35;43;47;13,33;driver3
47,61904762;59;2075;18;43;47;13,33;driver3
45,45454545;59;2075;18;42;47;13,33;driver3
47,61904762;59;1995;18;42;0;13,33;driver3
47,61904762;59;1995;18;42;0;13,33;driver3
47,61904762;59;1995;18;42;0;13,33;driver3
47,61904762;59;1995;18;42;0;13,33;driver3
47,61904762;59;1995;18;42;0;13,33;driver3
47,61904762;59;1995;18;42;0;13,33;driver3
47,61904762;59;1995;18;42;0;13,33;driver3
47,61904762;59;1995;18;42;0;11,76;driver3
47,61904762;59;1995;18;42;0;11,76;driver3
47,61904762;59;1995;18;42;0;11,76;driver3
34,48275862;59;1995;25;42;0;11,76;driver3
25;59;1995;25;31;0;11,76;driver3
45,45454545;59;1103;25;31;36;11,76;driver3
45,45454545;59;1103;25;31;36;11,76;driver3
45,45454545;59;1103;25;31;36;11,76;driver3
45,45454545;59;1103;25;31;36;11,76;driver3
45,45454545;59;1103;25;31;36;11,76;driver3
45,45454545;59;1103;25;31;36;11,76;driver3
45,45454545;59;1103;25;31;36;11,76;driver3
45,45454545;59;1103;25;31;36;11,76;driver3
45,45454545;59;1103;25;31;36;14,51;driver3
45,45454545;59;1103;25;31;36;14,51;driver3
21,73913043;59;1103;53;31;36;14,51;driver3
18,18181818;59;1103;53;26;36;14,51;driver3
23,25581395;59;855;53;26;39;14,51;driver3
23,25581395;59;855;53;26;39;14,51;driver3
23,25581395;59;855;53;26;39;14,51;driver3
23,25581395;59;855;53;26;39;14,51;driver3
23,25581395;59;855;53;26;39;14,51;driver3
23,25581395;59;855;53;26;39;14,51;driver3
23,25581395;59;855;53;26;39;14,51;driver3
23,25581395;59;855;53;26;39;14,51;driver3
23,25581395;59;855;53;26;39;17,65;driver3
23,25581395;59;855;53;26;39;17,65;driver3
18,18181818;59;855;68;26;39;17,65;driver3
14,08450704;59;855;68;20;39;17,65;driver3
6,172839506;59;1939;68;20;64;17,65;driver3
6,172839506;59;1939;68;20;64;17,65;driver3
6,172839506;59;1939;68;20;64;17,65;driver3
6,172839506;59;1939;68;20;64;17,65;driver3
6,172839506;59;1939;68;20;64;17,65;driver3
6,172839506;59;1939;68;20;64;17,65;driver3
6,172839506;59;1939;68;20;64;17,65;driver3
6,172839506;59;1939;68;20;64;17,65;driver3
6,172839506;59;1939;68;20;64;17,25;driver3
6,172839506;59;1939;68;20;64;17,25;driver3
7,462686567;59;1939;56;20;64;17,25;driver3
7,874015748;59;1939;56;21;64;17,25;driver3
7,352941176;59;2070;56;21;72;17,25;driver3
7,352941176;59;2070;56;21;72;17,25;driver3
7,352941176;59;2070;56;21;72;17,25;driver3
7,352941176;59;2070;56;21;72;17,25;driver3
7,352941176;59;2070;56;21;72;17,25;driver3
7,352941176;59;2070;56;21;72;17,25;driver3
7,352941176;59;2070;56;21;72;17,25;driver3
7,352941176;59;2070;56;21;72;17,25;driver3
7,352941176;59;2070;56;21;72;13,73;driver3
7,352941176;59;2070;56;21;72;13,73;driver3
7,936507937;59;2070;52;21;72;13,73;driver3
9,090909091;59;2070;52;24;72;13,73;driver3
11,76470588;59;1588;52;24;82;13,73;driver3
11,76470588;59;1588;52;24;82;13,73;driver3
11,76470588;59;1588;52;24;82;13,73;driver3
11,76470588;59;1588;52;24;82;13,73;driver3
11,76470588;59;1588;52;24;82;13,73;driver3
11,76470588;59;1588;52;24;82;13,73;driver3
11,76470588;59;1588;52;24;82;13,73;driver3
11,76470588;59;1588;52;24;82;13,73;driver3
11,76470588;59;1588;52;24;82;44,71;driver3
11,76470588;59;1588;52;24;82;44,71;driver3
6,289308176;59;1588;98;24;82;44,71;driver3
8,849557522;59;1588;98;34;82;44,71;driver3
6,097560976;59;2320;98;34;99;44,71;driver3
6,097560976;59;2320;98;34;99;44,71;driver3
6,097560976;59;2320;98;34;99;44,71;driver3
6,097560976;59;2320;98;34;99;44,71;driver3
6,097560976;59;2320;98;34;99;44,71;driver3
6,097560976;59;2320;98;34;99;44,71;driver3
6,097560976;59;2320;98;34;99;44,71;driver3
6,097560976;59;2320;98;34;99;44,71;driver3
6,097560976;59;2320;98;34;99;23,14;driver3
6,097560976;59;2320;98;34;99;23,14;driver3
6,097560976;59;2320;98;34;99;23,14;driver3
6,622516556;59;2320;98;37;99;23,14;driver3
8,403361345;59;1825;98;37;100;23,14;driver3
8,403361345;59;1825;98;37;100;23,14;driver3
8,403361345;59;1825;98;37;100;23,14;driver3
8,403361345;59;1825;98;37;100;23,14;driver3
8,403361345;59;1825;98;37;100;23,14;driver3
8,403361345;59;1825;98;37;100;23,14;driver3
8,403361345;59;1825;98;37;100;23,14;driver3
8,403361345;59;1825;98;37;100;23,14;driver3
8,403361345;59;1825;98;37;100;45,1;driver3
8,403361345;59;1825;98;37;100;45,1;driver3
8,403361345;59;1825;98;37;100;45,1;driver3
10,20408163;59;1825;98;45;100;45,1;driver3
10,20408163;59;1825;98;45;76;45,1;driver3
8,547008547;59;2176;98;45;76;45,1;driver3
8,547008547;59;2176;98;45;76;45,1;driver3
8,547008547;59;2176;98;45;76;45,1;driver3
8,547008547;59;2176;98;45;76;45,1;driver3
8,547008547;59;2176;98;45;76;45,1;driver3
8,547008547;59;2176;98;45;76;45,1;driver3
8,547008547;59;2176;98;45;76;45,1;driver3
8,547008547;59;2176;98;45;76;22,75;driver3
8,547008547;59;2176;98;45;76;22,75;driver3
17,54385965;59;2176;48;45;76;22,75;driver3
17,54385965;59;2176;48;45;76;22,75;driver3
18,18181818;59;2176;48;47;76;22,75;driver3
18,18181818;59;2198;48;47;3;22,75;driver3
18,18181818;59;2198;48;47;3;22,75;driver3
18,18181818;59;2198;48;47;3;22,75;driver3
18,18181818;59;2198;48;47;3;22,75;driver3
18,18181818;59;2198;48;47;3;22,75;driver3
18,18181818;59;2198;48;47;3;22,75;driver3
18,18181818;59;2198;48;47;3;22,75;driver3
18,18181818;59;2198;48;47;3;22,75;driver3
18,18181818;59;2198;48;47;3;46,27;driver3
18,18181818;59;2198;48;47;3;46,27;driver3
11,62790698;59;2198;75;47;3;46,27;driver3
11,62790698;59;2198;75;47;3;46,27;driver3
11,62790698;59;2195;75;47;50;46,27;driver3
11,62790698;59;2195;75;47;50;46,27;driver3
11,62790698;59;2195;75;47;50;46,27;driver3
11,62790698;59;2195;75;47;50;46,27;driver3
11,62790698;59;2195;75;47;50;46,27;driver3
11,62790698;59;2195;75;47;50;46,27;driver3
11,62790698;59;2195;75;47;50;46,27;driver3
11,62790698;59;2195;75;47;50;46,27;driver3
11,62790698;59;2195;75;47;50;21,96;driver3
11,62790698;59;2195;75;47;50;21,96;driver3
13,33333333;59;2195;65;47;50;21,96;driver3
11,9047619;59;2195;65;42;50;21,96;driver3
13,15789474;59;2000;65;42;59;21,96;driver3
13,15789474;59;2000;65;42;59;21,96;driver3
13,15789474;59;2000;65;42;59;21,96;driver3
13,15789474;59;2000;65;42;59;21,96;driver3
13,15789474;59;2000;65;42;59;21,96;driver3
13,15789474;59;2000;65;42;59;21,96;driver3
13,15789474;59;2000;65;42;59;21,96;driver3
13,15789474;59;2000;65;42;59;21,96;driver3
13,15789474;59;2000;65;42;59;18,82;driver3
13,15789474;59;2000;65;42;59;18,82;driver3
13,15789474;59;2000;65;42;59;18,82;driver3
10;59;2000;85;42;59;18,82;driver3
9,090909091;59;2000;85;38;59;18,82;driver3
9,900990099;59;1843;85;38;100;18,82;driver3
9,900990099;59;1843;85;38;100;18,82;driver3
9,900990099;59;1843;85;38;100;18,82;driver3
9,900990099;59;1843;85;38;100;18,82;driver3
9,900990099;59;1843;85;38;100;18,82;driver3
9,900990099;59;1843;85;38;100;18,82;driver3
9,900990099;59;1843;85;38;100;18,82;driver3
9,900990099;59;1843;85;38;100;18,82;driver3
9,900990099;59;1843;85;38;100;12,55;driver3
9,900990099;59;1843;85;38;100;12,55;driver3
20,83333333;59;1843;40;38;100;12,55;driver3
20;59;1843;40;36;100;12,55;driver3
21,73913043;59;1685;40;36;48;12,55;driver3
21,73913043;59;1685;40;36;48;12,55;driver3
21,73913043;59;1685;40;36;48;12,55;driver3
21,73913043;59;1685;40;36;48;12,55;driver3
21,73913043;59;1685;40;36;48;12,55;driver3
21,73913043;59;1685;40;36;48;12,55;driver3
21,73913043;59;1685;40;36;48;12,55;driver3
21,73913043;59;1685;40;36;48;12,55;driver3
21,73913043;59;1685;40;36;48;16,08;driver3
21,73913043;59;1685;40;36;48;16,08;driver3
16,66666667;59;1685;52;36;48;16,08;driver3
15,38461538;59;1685;52;33;48;16,08;driver3
16,66666667;59;1541;52;33;12;16,08;driver3
16,66666667;59;1541;52;33;12;16,08;driver3
16,66666667;59;1541;52;33;12;16,08;driver3
16,66666667;59;1541;52;33;12;16,08;driver3
16,66666667;59;1541;52;33;12;16,08;driver3
16,66666667;59;1541;52;33;12;16,08;driver3
16,66666667;59;1541;52;33;12;16,08;driver3
16,66666667;59;1541;52;33;12;16,08;driver3
16,66666667;59;1541;52;33;12;15,29;driver3
16,66666667;59;1541;52;33;12;15,29;driver3
15,87301587;59;1541;55;33;12;15,29;driver3
15,87301587;59;1541;55;33;12;15,29;driver3
12,5;59;1541;55;26;12;15,29;driver3
21,27659574;59;896;55;26;39;15,29;driver3
21,27659574;59;896;55;26;39;15,29;driver3
21,27659574;59;896;55;26;39;15,29;driver3
21,27659574;59;896;55;26;39;15,29;driver3
21,27659574;59;896;55;26;39;15,29;driver3
21,27659574;59;896;55;26;39;15,29;driver3
21,27659574;59;896;55;26;39;15,29;driver3
21,27659574;59;896;55;26;39;14,9;driver3
21,27659574;59;896;55;26;39;14,9;driver3
21,27659574;59;896;55;26;39;14,9;driver3
21,27659574;59;896;55;26;39;14,9;driver3
16,39344262;59;896;55;20;39;14,9;driver3
17,24137931;59;856;55;20;40;14,9;driver3
17,24137931;59;856;55;20;40;14,9;driver3
17,24137931;59;856;55;20;40;14,9;driver3
17,24137931;59;856;55;20;40;14,9;driver3
17,24137931;59;856;55;20;40;14,9;driver3
17,24137931;59;856;55;20;40;14,9;driver3
17,24137931;59;856;55;20;40;14,9;driver3
17,24137931;59;856;55;20;40;14,51;driver3
17,24137931;59;856;55;20;40;14,51;driver3
17,24137931;59;856;55;20;40;14,51;driver3
17,85714286;59;856;53;20;40;14,51;driver3
12,5;59;856;53;14;40;14,51;driver3
12,5;59;859;53;14;38;14,51;driver3
12,5;59;859;53;14;38;14,51;driver3
12,5;59;859;53;14;38;14,51;driver3
12,5;59;859;53;14;38;14,51;driver3
12,5;59;859;53;14;38;14,51;driver3
12,5;59;859;53;14;38;14,51;driver3
12,5;59;859;53;14;38;14,51;driver3
12,5;59;859;53;14;38;14,51;driver3
12,5;59;859;53;14;38;14,51;driver3
12,5;59;859;53;14;38;14,51;driver3
12,82051282;59;859;52;14;38;14,51;driver3
7,299270073;59;859;52;8;38;14,51;driver3
7,194244604;59;868;52;8;38;14,51;driver3
7,194244604;59;868;52;8;38;14,51;driver3
7,194244604;59;868;52;8;38;14,51;driver3
7,194244604;59;868;52;8;38;14,51;driver3
7,194244604;59;868;52;8;38;14,51;driver3
7,194244604;59;868;52;8;38;14,51;driver3
7,194244604;59;868;52;8;38;14,51;driver3
7,194244604;59;868;52;8;38;14,51;driver3
7,194244604;59;868;52;8;38;14,51;driver3
7,194244604;59;868;52;8;38;14,51;driver3
7,194244604;59;868;52;8;38;14,51;driver3
2,702702703;59;868;52;3;38;14,51;driver3
2,793296089;59;839;52;3;39;14,51;driver3
2,793296089;59;839;52;3;39;14,51;driver3
2,793296089;59;839;52;3;39;14,51;driver3
2,793296089;59;839;52;3;39;14,51;driver3
2,793296089;59;839;52;3;39;14,51;driver3
2,793296089;59;839;52;3;39;14,51;driver3
2,793296089;59;839;52;3;39;14,51;driver3
2,793296089;59;839;52;3;39;14,51;driver3
2,793296089;59;839;52;3;39;22,35;driver3
2,793296089;59;839;52;3;39;22,35;driver3
1,773049645;59;839;82;3;39;22,35;driver3
5,319148936;59;839;82;9;39;22,35;driver3
2,583979328;59;1729;82;9;49;22,35;driver3
2,583979328;59;1729;82;9;49;22,35;driver3
2,583979328;59;1729;82;9;49;22,35;driver3
2,583979328;59;1729;82;9;49;22,35;driver3
2,583979328;59;1729;82;9;49;22,35;driver3
2,583979328;59;1729;82;9;49;22,35;driver3
2,583979328;59;1729;82;9;49;22,35;driver3
2,583979328;59;1729;82;9;49;22,35;driver3
2,583979328;59;1729;82;9;49;20;driver3
2,583979328;59;1729;82;9;49;20;driver3
5,050505051;59;1729;42;9;49;20;driver3
5,050505051;59;1729;42;9;49;20;driver3
5,586592179;59;1729;42;10;57;20;driver3
5,319148936;59;1819;42;10;57;20;driver3
5,319148936;59;1819;42;10;57;20;driver3
5,319148936;59;1819;42;10;57;20;driver3
5,319148936;59;1819;42;10;57;20;driver3
5,319148936;59;1819;42;10;57;20;driver3
5,319148936;59;1819;42;10;57;20;driver3
5,319148936;59;1819;42;10;57;20;driver3
5,319148936;59;1819;42;10;57;15,69;driver3
5,319148936;59;1819;42;10;57;15,69;driver3
5,319148936;59;1819;42;10;57;15,69;driver3
4,651162791;59;1819;48;10;57;15,69;driver3
6,060606061;59;1819;48;13;85;15,69;driver3
8,064516129;59;1369;48;13;85;15,69;driver3
8,064516129;59;1369;48;13;85;15,69;driver3
8,064516129;59;1369;48;13;85;15,69;driver3
8,064516129;59;1369;48;13;85;15,69;driver3
8,064516129;59;1369;48;13;85;15,69;driver3
8,064516129;59;1369;48;13;85;15,69;driver3
8,064516129;59;1369;48;13;85;15,69;driver3
8,064516129;59;1369;48;13;85;22,75;driver3
8,064516129;59;1369;48;13;85;22,75;driver3
6,024096386;59;1369;64;13;85;22,75;driver3
6,024096386;59;1369;64;13;85;22,75;driver3
11,11111111;59;1369;64;24;85;22,75;driver3
6,41025641;59;2383;64;24;27;22,75;driver3
6,41025641;59;2383;64;24;27;22,75;driver3
6,41025641;59;2383;64;24;27;22,75;driver3
6,41025641;59;2383;64;24;27;22,75;driver3
6,41025641;59;2383;64;24;27;22,75;driver3
6,41025641;59;2383;64;24;27;22,75;driver3
6,41025641;59;2383;64;24;27;22,75;driver3
6,41025641;59;2383;64;24;27;38,43;driver3
6,41025641;59;2383;64;24;27;38,43;driver3
6,41025641;59;2383;64;24;27;38,43;driver3
4,347826087;59;2383;94;24;27;38,43;driver3
5,617977528;59;2383;94;31;27;38,43;driver3
6,369426752;59;2103;94;31;86;38,43;driver3
6,369426752;59;2103;94;31;86;38,43;driver3
6,369426752;59;2103;94;31;86;38,43;driver3
6,369426752;59;2103;94;31;86;38,43;driver3
6,369426752;59;2103;94;31;86;38,43;driver3
6,369426752;59;2103;94;31;86;38,43;driver3
6,369426752;59;2103;94;31;86;38,43;driver3
6,369426752;59;2103;94;31;86;11,76;driver3
6,369426752;59;2103;94;31;86;11,76;driver3
6,369426752;59;2103;94;31;86;11,76;driver3
14,92537313;59;2103;40;31;86;11,76;driver3
17,85714286;59;2103;40;37;65;11,76;driver3
21,27659574;59;1785;40;37;65;11,76;driver3
21,27659574;59;1785;40;37;65;11,76;driver3
21,27659574;59;1785;40;37;65;11,76;driver3
21,27659574;59;1785;40;37;65;11,76;driver3
21,27659574;59;1785;40;37;65;11,76;driver3
21,27659574;59;1785;40;37;65;11,76;driver3
21,27659574;59;1785;40;37;65;11,76;driver3
21,27659574;59;1785;40;37;65;23,92;driver3
21,27659574;59;1785;40;37;65;23,92;driver3
11,49425287;59;1785;73;37;65;23,92;driver3
11,49425287;59;1785;73;37;65;23,92;driver3
13,33333333;59;1785;73;43;60;23,92;driver3
11,36363636;59;2118;73;43;60;23,92;driver3
11,36363636;59;2118;73;43;60;23,92;driver3
11,36363636;59;2118;73;43;60;23,92;driver3
11,36363636;59;2118;73;43;60;23,92;driver3
11,36363636;59;2118;73;43;60;23,92;driver3
11,36363636;59;2118;73;43;60;23,92;driver3
11,36363636;59;2118;73;43;60;23,92;driver3
11,36363636;59;2118;73;43;60;13,33;driver3
11,36363636;59;2118;73;43;60;13,33;driver3
11,36363636;59;2118;73;43;60;13,33;driver3
43,47826087;59;2118;19;43;60;13,33;driver3
45,45454545;59;2118;19;46;0;13,33;driver3
45,45454545;59;2169;19;46;0;13,33;driver3
45,45454545;59;2169;19;46;0;13,33;driver3
45,45454545;59;2169;19;46;0;13,33;driver3
45,45454545;59;2169;19;46;0;13,33;driver3
45,45454545;59;2169;19;46;0;13,33;driver3
45,45454545;59;2169;19;46;0;13,33;driver3
45,45454545;59;2169;19;46;0;13,33;driver3
45,45454545;59;2169;19;46;0;13,73;driver3
45,45454545;59;2169;19;46;0;13,73;driver3
45,45454545;59;2169;19;46;0;13,73;driver3
45,45454545;59;2169;19;46;0;13,73;driver3
47,61904762;59;2169;19;48;0;13,73;driver3
45,45454545;59;2293;19;48;0;13,73;driver3
45,45454545;59;2293;19;48;0;13,73;driver3
45,45454545;59;2293;19;48;0;13,73;driver3
45,45454545;59;2293;19;48;0;13,73;driver3
45,45454545;59;2293;19;48;0;13,73;driver3
45,45454545;59;2293;19;48;0;13,73;driver3
45,45454545;59;2293;19;48;0;13,73;driver3
45,45454545;59;2293;19;48;0;13,73;driver3
45,45454545;59;2293;19;48;0;13,73;driver3
45,45454545;59;2293;19;48;0;13,73;driver3
45,45454545;59;2293;19;48;0;13,73;driver3
47,61904762;59;2293;19;50;0;13,73;driver3
45,45454545;59;2372;19;50;0;13,73;driver3
45,45454545;59;2372;19;50;0;13,73;driver3
45,45454545;59;2372;19;50;0;13,73;driver3
45,45454545;59;2372;19;50;0;13,73;driver3
45,45454545;59;2372;19;50;0;13,73;driver3
45,45454545;59;2372;19;50;0;13,73;driver3
45,45454545;59;2372;19;50;0;13,73;driver3
45,45454545;59;2372;19;50;0;13,73;driver3
45,45454545;59;2372;19;50;0;17,65;driver3
45,45454545;59;2372;19;50;0;17,65;driver3
27,77777778;59;2372;31;50;0;17,65;driver3
27,77777778;59;2372;31;50;0;17,65;driver3
27,77777778;59;2372;31;50;16;17,65;driver3
27,77777778;59;2361;31;50;16;17,65;driver3
27,77777778;59;2361;31;50;16;17,65;driver3
27,77777778;59;2361;31;50;16;17,65;driver3
27,77777778;59;2361;31;50;16;17,65;driver3
27,77777778;59;2361;31;50;16;17,65;driver3
27,77777778;59;2361;31;50;16;17,65;driver3
27,77777778;59;2361;31;50;16;17,65;driver3
27,77777778;59;2361;31;50;16;13,73;driver3
27,77777778;59;2361;31;50;16;13,73;driver3
45,45454545;59;2361;19;50;16;13,73;driver3
40;59;2361;19;45;16;13,73;driver3
45,45454545;59;2124;19;45;0;13,73;driver3
45,45454545;59;2124;19;45;0;13,73;driver3
45,45454545;59;2124;19;45;0;13,73;driver3
45,45454545;59;2124;19;45;0;13,73;driver3
45,45454545;59;2124;19;45;0;13,73;driver3
45,45454545;59;2124;19;45;0;13,73;driver3
45,45454545;59;2124;19;45;0;13,73;driver3
45,45454545;59;2124;19;45;0;13,73;driver3
45,45454545;59;2124;19;45;0;14,9;driver3
45,45454545;59;2124;19;45;0;14,9;driver3
21,73913043;59;2124;40;45;0;14,9;driver3
21,73913043;59;2124;40;45;0;14,9;driver3
18,51851852;59;2124;40;39;6;14,9;driver3
25;59;1570;40;39;6;14,9;driver3
25;59;1570;40;39;6;14,9;driver3
25;59;1570;40;39;6;14,9;driver3
25;59;1570;40;39;6;14,9;driver3
25;59;1570;40;39;6;14,9;driver3
25;59;1570;40;39;6;14,9;driver3
25;59;1570;40;39;6;14,9;driver3
25;59;1570;40;39;6;15,69;driver3
25,64102564;60;1570;40;39;6;15,69;driver3
25,64102564;60;1570;40;39;6;15,69;driver3
17,85714286;60;1570;57;39;6;15,69;driver3
13,69863014;60;1570;57;30;6;15,69;driver3
24,3902439;60;890;57;30;38;15,69;driver3
24,3902439;60;890;57;30;38;15,69;driver3
24,3902439;60;890;57;30;38;15,69;driver3
24,3902439;60;890;57;30;38;15,69;driver3
24,3902439;60;890;57;30;38;15,69;driver3
24,3902439;60;890;57;30;38;15,69;driver3
24,3902439;60;890;57;30;38;15,69;driver3
24,3902439;60;890;57;30;38;15,69;driver3
24,3902439;60;890;57;30;38;15,29;driver3
24,3902439;60;890;57;30;38;15,29;driver3
33,33333333;60;890;41;30;38;15,29;driver3
29,41176471;60;890;41;26;38;15,29;driver3
25,64102564;60;997;41;26;29;15,29;driver3
25,64102564;60;997;41;26;29;15,29;driver3
25,64102564;60;997;41;26;29;15,29;driver3
25,64102564;60;997;41;26;29;15,29;driver3
25,64102564;60;997;41;26;29;15,29;driver3
25,64102564;60;997;41;26;29;15,29;driver3
25,64102564;60;997;41;26;29;15,29;driver3
25,64102564;60;997;41;26;29;15,29;driver3
25,64102564;60;997;41;26;29;14,9;driver3
25,64102564;60;997;41;26;29;14,9;driver3
16,66666667;60;997;64;26;29;14,9;driver3
14,70588235;60;997;64;23;29;14,9;driver3
6,802721088;60;2157;64;23;47;14,9;driver3
6,802721088;60;2157;64;23;47;14,9;driver3
6,802721088;60;2157;64;23;47;14,9;driver3
6,802721088;60;2157;64;23;47;14,9;driver3
6,802721088;60;2157;64;23;47;14,9;driver3
6,802721088;60;2157;64;23;47;14,9;driver3
6,802721088;60;2157;64;23;47;14,9;driver3
6,802721088;60;2157;64;23;47;14,9;driver3
6,802721088;60;2157;64;23;47;18,43;driver3
6,802721088;60;2157;64;23;47;18,43;driver3
4,62962963;60;2157;94;23;47;18,43;driver3
4,62962963;60;2157;94;23;47;18,43;driver3
6,329113924;60;1575;94;23;81;18,43;driver3
6,329113924;60;1575;94;23;81;18,43;driver3
6,329113924;60;1575;94;23;81;18,43;driver3
6,329113924;60;1575;94;23;81;18,43;driver3
6,329113924;60;1575;94;23;81;18,43;driver3
6,329113924;60;1575;94;23;81;18,43;driver3
6,329113924;60;1575;94;23;81;18,43;driver3
6,329113924;60;1575;94;23;81;18,43;driver3
6,329113924;60;1575;94;23;81;22,75;driver3
6,329113924;60;1575;94;23;81;22,75;driver3
8,771929825;60;1575;68;23;81;22,75;driver3
12,19512195;60;1575;68;32;81;22,75;driver3
9,090909091;60;2119;68;32;61;22,75;driver3
9,090909091;60;2119;68;32;61;22,75;driver3
9,090909091;60;2119;68;32;61;22,75;driver3
9,090909091;60;2119;68;32;61;22,75;driver3
9,090909091;60;2119;68;32;61;22,75;driver3
9,090909091;60;2119;68;32;61;22,75;driver3
9,090909091;60;2119;68;32;61;22,75;driver3
9,090909091;60;2119;68;32;61;22,75;driver3
9,090909091;60;2119;68;32;61;31,76;driver3
9,090909091;60;2119;68;32;61;31,76;driver3
24,3902439;60;2119;25;32;61;31,76;driver3
27,77777778;60;2119;25;36;61;31,76;driver3
27,77777778;60;2119;25;36;30;31,76;driver3
35,71428571;60;1622;25;36;30;31,76;driver3
35,71428571;60;1622;25;36;30;31,76;driver3
35,71428571;60;1622;25;36;30;31,76;driver3
35,71428571;60;1622;25;36;30;31,76;driver3
35,71428571;60;1622;25;36;30;31,76;driver3
35,71428571;60;1622;25;36;30;31,76;driver3
35,71428571;60;1622;25;36;30;31,76;driver3
35,71428571;60;1622;25;36;30;43,14;driver3
35,71428571;60;1622;25;36;30;43,14;driver3
9,259259259;60;1622;98;36;30;43,14;driver3
9,259259259;60;1622;98;36;30;43,14;driver3
8,547008547;60;2001;98;41;100;43,14;driver3
8,547008547;60;2001;98;41;100;43,14;driver3
8,547008547;60;2001;98;41;100;43,14;driver3
8,547008547;60;2001;98;41;100;43,14;driver3
8,547008547;60;2001;98;41;100;43,14;driver3
8,547008547;60;2001;98;41;100;43,14;driver3
8,547008547;60;2001;98;41;100;43,14;driver3
8,547008547;60;2001;98;41;100;43,14;driver3
8,547008547;60;2001;98;41;100;46,67;driver3
8,547008547;60;2001;98;41;100;46,67;driver3
8,547008547;60;2001;98;41;100;46,67;driver3
8,547008547;60;2001;98;41;100;46,67;driver3
10,41666667;60;2001;98;50;100;46,67;driver3
8,620689655;60;2406;98;50;36;46,67;driver3
8,620689655;60;2406;98;50;36;46,67;driver3
8,620689655;60;2406;98;50;36;46,67;driver3
8,620689655;60;2406;98;50;36;46,67;driver3
8,620689655;60;2406;98;50;36;46,67;driver3
8,620689655;60;2406;98;50;36;46,67;driver3
8,620689655;60;2406;98;50;36;46,67;driver3
8,620689655;60;2406;98;50;36;46,67;driver3
8,620689655;60;2406;98;50;36;36,08;driver3
8,620689655;60;2406;98;50;36;36,08;driver3
10,75268817;60;2406;79;50;36;36,08;driver3
11,36363636;60;2406;79;53;36;36,08;driver3
10,63829787;60;2565;79;53;11;36,08;driver3
10,63829787;60;2565;79;53;11;36,08;driver3
10,63829787;60;2565;79;53;11;36,08;driver3
10,63829787;60;2565;79;53;11;36,08;driver3
10,63829787;60;2565;79;53;11;36,08;driver3
10,63829787;60;2565;79;53;11;36,08;driver3
10,63829787;60;2565;79;53;11;36,08;driver3
10,63829787;60;2565;79;53;11;15,69;driver3
10,63829787;60;2565;79;53;11;15,69;driver3
26,31578947;60;2565;32;53;11;15,69;driver3
26,31578947;60;2565;32;53;11;15,69;driver3
24,3902439;60;2565;32;49;27;15,69;driver3
26,31578947;60;2355;32;49;27;15,69;driver3
26,31578947;60;2355;32;49;27;15,69;driver3
26,31578947;60;2355;32;49;27;15,69;driver3
26,31578947;60;2355;32;49;27;15,69;driver3
26,31578947;60;2355;32;49;27;15,69;driver3
26,31578947;60;2355;32;49;27;15,69;driver3
26,31578947;60;2355;32;49;27;15,69;driver3
26,31578947;60;2355;32;49;27;18,82;driver3
26,31578947;60;2355;32;49;27;18,82;driver3
19,60784314;60;2355;43;49;27;18,82;driver3
19,60784314;60;2355;43;49;27;18,82;driver3
19,23076923;60;2355;43;48;38;18,82;driver3
19,60784314;60;2308;43;48;38;18,82;driver3
19,60784314;60;2308;43;48;38;18,82;driver3
19,60784314;60;2308;43;48;38;18,82;driver3
19,60784314;60;2308;43;48;38;18,82;driver3
19,60784314;60;2308;43;48;38;18,82;driver3
19,60784314;60;2308;43;48;38;18,82;driver3
19,60784314;60;2308;43;48;38;18,82;driver3
19,60784314;60;2308;43;48;38;18,82;driver3
19,60784314;60;2308;43;48;38;18,82;driver3
19,60784314;60;2308;43;48;38;18,82;driver3
19,23076923;60;2308;44;48;38;18,82;driver3
19,23076923;60;2308;44;48;38;18,82;driver3
19,60784314;60;2283;44;48;34;18,82;driver3
19,60784314;60;2283;44;48;34;18,82;driver3
19,60784314;60;2283;44;48;34;18,82;driver3
19,60784314;60;2283;44;48;34;18,82;driver3
19,60784314;60;2283;44;48;34;18,82;driver3
19,60784314;60;2283;44;48;34;18,82;driver3
19,60784314;60;2283;44;48;34;18,82;driver3
19,60784314;60;2283;44;48;34;18,82;driver3
19,60784314;60;2283;44;48;34;18,82;driver3
19,60784314;60;2283;44;48;34;18,82;driver3
18,18181818;60;2283;47;48;34;18,82;driver3
17,85714286;60;2283;47;47;34;18,82;driver3
18,18181818;60;2252;47;47;36;18,82;driver3
18,18181818;60;2252;47;47;36;18,82;driver3
18,18181818;60;2252;47;47;36;18,82;driver3
18,18181818;60;2252;47;47;36;18,82;driver3
18,18181818;60;2252;47;47;36;18,82;driver3
18,18181818;60;2252;47;47;36;18,82;driver3
18,18181818;60;2252;47;47;36;18,82;driver3
18,18181818;60;2252;47;47;36;20;driver3
18,18181818;60;2252;47;47;36;20;driver3
18,18181818;60;2252;47;47;36;20;driver3
13,69863014;60;2252;62;47;36;20;driver3
14,08450704;60;2252;62;48;36;20;driver3
13,69863014;60;2302;62;48;57;20;driver3
13,69863014;60;2302;62;48;57;20;driver3
13,69863014;60;2302;62;48;57;20;driver3
13,69863014;60;2302;62;48;57;20;driver3
13,69863014;60;2302;62;48;57;20;driver3
13,69863014;60;2302;62;48;57;20;driver3
13,69863014;60;2302;62;48;57;20;driver3
13,69863014;60;2302;62;48;57;20;driver3
13,69863014;60;2302;62;48;57;16,86;driver3
13,69863014;60;2302;62;48;57;16,86;driver3
40;60;2302;21;48;57;16,86;driver3
41,66666667;60;2302;21;49;57;16,86;driver3
41,66666667;60;2298;21;49;0;16,86;driver3
41,66666667;60;2298;21;49;0;16,86;driver3
41,66666667;60;2298;21;49;0;16,86;driver3
41,66666667;60;2298;21;49;0;16,86;driver3
41,66666667;60;2298;21;49;0;16,86;driver3
41,66666667;60;2298;21;49;0;16,86;driver3
41,66666667;60;2298;21;49;0;16,86;driver3
41,66666667;60;2298;21;49;0;16,86;driver3
41,66666667;60;2298;21;49;0;12,94;driver3
41,66666667;60;2298;21;49;0;12,94;driver3
43,47826087;60;2298;20;49;0;12,94;driver3
35,71428571;60;2298;20;40;0;12,94;driver3
45,45454545;60;1822;20;40;0;12,94;driver3
45,45454545;60;1822;20;40;0;12,94;driver3
45,45454545;60;1822;20;40;0;12,94;driver3
45,45454545;60;1822;20;40;0;12,94;driver3
45,45454545;60;1822;20;40;0;12,94;driver3
45,45454545;60;1822;20;40;0;12,94;driver3
45,45454545;60;1822;20;40;0;12,94;driver3
45,45454545;60;1822;20;40;0;12,94;driver3
45,45454545;60;1822;20;40;0;15,29;driver3
45,45454545;59;1822;20;40;0;15,29;driver3
45,45454545;59;1822;20;40;0;15,29;driver3
15,87301587;59;1822;56;40;0;15,29;driver3
11,11111111;59;1822;56;28;0;15,29;driver3
22,22222222;59;905;56;28;36;15,29;driver3
22,22222222;59;905;56;28;36;15,29;driver3
22,22222222;59;905;56;28;36;15,29;driver3
22,22222222;59;905;56;28;36;15,29;driver3
22,22222222;59;905;56;28;36;15,29;driver3
22,22222222;59;905;56;28;36;15,29;driver3
22,22222222;59;905;56;28;36;15,29;driver3
22,22222222;59;905;56;28;36;15,29;driver3
22,22222222;59;905;56;28;36;14,9;driver3
22,22222222;59;905;56;28;36;14,9;driver3
24,3902439;59;905;52;28;36;14,9;driver3
10,41666667;59;905;52;12;36;14,9;driver3
10,41666667;59;905;52;12;69;14,9;driver3
8,403361345;59;1114;52;12;69;14,9;driver3
8,403361345;59;1114;52;12;69;14,9;driver3
8,403361345;59;1114;52;12;69;14,9;driver3
8,403361345;59;1114;52;12;69;14,9;driver3
8,403361345;59;1114;52;12;69;14,9;driver3
8,403361345;59;1114;52;12;69;14,9;driver3
8,403361345;59;1114;52;12;69;14,9;driver3
8,403361345;59;1114;52;12;69;25,49;driver3
8,403361345;59;1114;52;12;69;25,49;driver3
8,403361345;59;1114;52;12;69;25,49;driver3
5,555555556;59;1114;79;12;69;25,49;driver3
10,63829787;59;1114;79;23;69;25,49;driver3
5,025125628;59;2355;79;23;67;25,49;driver3
5,025125628;59;2355;79;23;67;25,49;driver3
5,025125628;59;2355;79;23;67;25,49;driver3
5,025125628;59;2355;79;23;67;25,49;driver3
5,025125628;59;2355;79;23;67;25,49;driver3
5,025125628;59;2355;79;23;67;25,49;driver3
5,025125628;59;2355;79;23;67;25,49;driver3
5,025125628;59;2355;79;23;67;25,49;driver3
5,025125628;59;2355;79;23;67;41,18;driver3
5,025125628;59;2355;79;23;67;41,18;driver3
5,154639175;59;2355;77;23;67;41,18;driver3
6,493506494;59;2355;77;29;67;41,18;driver3
8,26446281;59;1847;77;29;14;41,18;driver3
8,26446281;59;1847;77;29;14;41,18;driver3
8,26446281;59;1847;77;29;14;41,18;driver3
8,26446281;59;1847;77;29;14;41,18;driver3
8,26446281;59;1847;77;29;14;41,18;driver3
8,26446281;59;1847;77;29;14;41,18;driver3
8,26446281;59;1847;77;29;14;41,18;driver3
8,26446281;59;1847;77;29;14;29,8;driver3
8,26446281;59;1847;77;29;14;29,8;driver3
8,26446281;59;1847;77;29;14;29,8;driver3
7,692307692;59;1847;83;29;14;29,8;driver3
9,259259259;59;1847;83;35;14;29,8;driver3
7,352941176;59;2332;83;35;74;29,8;driver3
7,352941176;59;2332;83;35;74;29,8;driver3
7,352941176;59;2332;83;35;74;29,8;driver3
7,352941176;59;2332;83;35;74;29,8;driver3
7,352941176;59;2332;83;35;74;29,8;driver3
7,352941176;59;2332;83;35;74;29,8;driver3
7,352941176;59;2332;83;35;74;29,8;driver3
7,352941176;59;2332;83;35;74;29,8;driver3
7,352941176;59;2332;83;35;74;10,98;driver3
7,352941176;59;2332;83;35;74;10,98;driver3
9,803921569;59;2332;62;35;74;10,98;driver3
9,803921569;59;2332;62;35;74;10,98;driver3
10,98901099;59;2332;62;39;100;10,98;driver3
13,51351351;59;1902;62;39;100;10,98;driver3
13,51351351;59;1902;62;39;100;10,98;driver3
13,51351351;59;1902;62;39;100;10,98;driver3
13,51351351;59;1902;62;39;100;10,98;driver3
13,51351351;59;1902;62;39;100;10,98;driver3
13,51351351;59;1902;62;39;100;10,98;driver3
13,51351351;59;1902;62;39;100;10,98;driver3
13,51351351;59;1902;62;39;100;22,35;driver3
13,51351351;59;1902;62;39;100;22,35;driver3
20,83333333;59;1902;40;39;100;22,35;driver3
20,83333333;59;1902;40;39;100;22,35;driver3
23,25581395;59;1902;40;44;19;22,35;driver3
21,73913043;59;2043;40;44;19;22,35;driver3
21,73913043;59;2043;40;44;19;22,35;driver3
21,73913043;59;2043;40;44;19;22,35;driver3
21,73913043;59;2043;40;44;19;22,35;driver3
21,73913043;59;2043;40;44;19;22,35;driver3
21,73913043;59;2043;40;44;19;22,35;driver3
21,73913043;59;2043;40;44;19;22,35;driver3
21,73913043;59;2043;40;44;19;12,94;driver3
21,73913043;59;2043;40;44;19;12,94;driver3
21,73913043;59;2043;40;44;19;12,94;driver3
43,47826087;59;2043;20;44;19;12,94;driver3
40;59;2043;20;40;19;12,94;driver3
43,47826087;59;1868;20;40;0;12,94;driver3
43,47826087;59;1868;20;40;0;12,94;driver3
43,47826087;59;1868;20;40;0;12,94;driver3
43,47826087;59;1868;20;40;0;12,94;driver3
43,47826087;59;1868;20;40;0;12,94;driver3
43,47826087;59;1868;20;40;0;12,94;driver3
43,47826087;59;1868;20;40;0;12,94;driver3
43,47826087;59;1868;20;40;0;12,55;driver3
43,47826087;59;1868;20;40;0;12,55;driver3
43,47826087;59;1868;20;40;0;12,55;driver3
45,45454545;59;1868;19;40;0;12,55;driver3
40;59;1868;19;35;0;12,55;driver3
45,45454545;59;1665;19;35;28;12,55;driver3
45,45454545;59;1665;19;35;28;12,55;driver3
45,45454545;59;1665;19;35;28;12,55;driver3
45,45454545;59;1665;19;35;28;12,55;driver3
45,45454545;59;1665;19;35;28;12,55;driver3
45,45454545;59;1665;19;35;28;12,55;driver3
45,45454545;59;1665;19;35;28;12,55;driver3
45,45454545;59;1665;19;35;28;12,55;driver3
45,45454545;59;1665;19;35;28;15,29;driver3
45,45454545;59;1665;19;35;28;15,29;driver3
20,83333333;59;1665;41;35;28;15,29;driver3
19,60784314;59;1665;41;33;28;15,29;driver3
20,83333333;59;1573;41;33;40;15,29;driver3
20,83333333;59;1573;41;33;40;15,29;driver3
20,83333333;59;1573;41;33;40;15,29;driver3
20,83333333;59;1573;41;33;40;15,29;driver3
20,83333333;59;1573;41;33;40;15,29;driver3
20,83333333;59;1573;41;33;40;15,29;driver3
20,83333333;59;1573;41;33;40;15,29;driver3
20,83333333;59;1573;41;33;40;15,29;driver3
20,83333333;59;1573;41;33;40;14,12;driver3
20,83333333;59;1573;41;33;40;14,12;driver3
18,51851852;59;1573;46;33;40;14,12;driver3
16,39344262;59;1573;46;29;40;14,12;driver3
25,64102564;59;987;46;29;31;14,12;driver3
25,64102564;59;987;46;29;31;14,12;driver3
25,64102564;59;987;46;29;31;14,12;driver3
25,64102564;59;987;46;29;31;14,12;driver3
25,64102564;59;987;46;29;31;14,12;driver3
25,64102564;59;987;46;29;31;14,12;driver3
25,64102564;59;987;46;29;31;14,12;driver3
25,64102564;59;987;46;29;31;14,12;driver3
25,64102564;59;987;46;29;31;14,51;driver3
25,64102564;59;987;46;29;31;14,51;driver3
26,31578947;59;987;45;29;31;14,51;driver3
26,31578947;59;987;45;29;31;14,51;driver3
14,70588235;59;987;45;16;23;14,51;driver3
15,38461538;59;940;45;16;23;14,51;driver3
15,38461538;59;940;45;16;23;14,51;driver3
15,38461538;59;940;45;16;23;14,51;driver3
15,38461538;59;940;45;16;23;14,51;driver3
15,38461538;59;940;45;16;23;14,51;driver3
15,38461538;59;940;45;16;23;14,51;driver3
15,38461538;59;940;45;16;23;14,51;driver3
15,38461538;59;940;45;16;23;27,45;driver3
15,38461538;59;940;45;16;23;27,45;driver3
13,33333333;59;940;52;16;23;27,45;driver3
13,33333333;59;940;52;16;23;27,45;driver3
12,5;59;940;52;15;23;27,45;driver3
8,333333333;59;1412;52;15;43;27,45;driver3
8,333333333;59;1412;52;15;43;27,45;driver3
8,333333333;59;1412;52;15;43;27,45;driver3
8,333333333;59;1412;52;15;43;27,45;driver3
8,333333333;59;1412;52;15;43;27,45;driver3
8,333333333;59;1412;52;15;43;27,45;driver3
8,333333333;59;1412;52;15;43;27,45;driver3
8,333333333;59;1412;52;15;43;43,92;driver3
8,333333333;59;1412;52;15;43;43,92;driver3
8,333333333;59;1412;52;15;43;43,92;driver3
5,263157895;59;1412;82;15;43;43,92;driver3
8,403361345;59;1412;82;24;43;43,92;driver3
5,235602094;59;2273;82;24;27;43,92;driver3
5,235602094;59;2273;82;24;27;43,92;driver3
5,235602094;59;2273;82;24;27;43,92;driver3
5,235602094;59;2273;82;24;27;43,92;driver3
5,235602094;59;2273;82;24;27;43,92;driver3
5,235602094;59;2273;82;24;27;43,92;driver3
5,235602094;59;2273;82;24;27;43,92;driver3
5,235602094;59;2273;82;24;27;43,92;driver3
5,235602094;59;2273;82;24;27;40;driver3
5,235602094;59;2273;82;24;27;40;driver3
4,385964912;59;2273;98;24;27;40;driver3
5,102040816;59;2273;98;28;27;40;driver3
6,097560976;59;1904;98;28;99;40;driver3
6,097560976;59;1904;98;28;99;40;driver3
6,097560976;59;1904;98;28;99;40;driver3
6,097560976;59;1904;98;28;99;40;driver3
6,097560976;59;1904;98;28;99;40;driver3
6,097560976;59;1904;98;28;99;40;driver3
6,097560976;59;1904;98;28;99;40;driver3
6,097560976;59;1904;98;28;99;40;driver3
6,097560976;59;1904;98;28;99;12,55;driver3
6,097560976;59;1904;98;28;99;12,55;driver3
14,49275362;59;1904;41;28;99;12,55;driver3
17,24137931;59;1904;41;33;99;12,55;driver3
20,83333333;59;1557;41;33;75;12,55;driver3
20,83333333;59;1557;41;33;75;12,55;driver3
20,83333333;59;1557;41;33;75;12,55;driver3
20,83333333;59;1557;41;33;75;12,55;driver3
20,83333333;59;1557;41;33;75;12,55;driver3
20,83333333;59;1557;41;33;75;12,55;driver3
20,83333333;59;1557;41;33;75;12,55;driver3
20,83333333;59;1557;41;33;75;12,55;driver3
20,83333333;59;1557;41;33;75;42,35;driver3
20,83333333;59;1557;41;33;75;42,35;driver3
20,83333333;59;1557;41;33;75;42,35;driver3
8,849557522;59;1557;97;33;75;42,35;driver3
10,75268817;59;1557;97;40;75;42,35;driver3
8,547008547;59;1969;97;40;93;42,35;driver3
8,547008547;59;1969;97;40;93;42,35;driver3
8,547008547;59;1969;97;40;93;42,35;driver3
8,547008547;59;1969;97;40;93;42,35;driver3
8,547008547;59;1969;97;40;93;42,35;driver3
8,547008547;59;1969;97;40;93;42,35;driver3
8,547008547;59;1969;97;40;93;42,35;driver3
8,547008547;59;1969;97;40;93;42,35;driver3
8,547008547;59;1969;97;40;93;18,82;driver3
8,547008547;59;1969;97;40;93;18,82;driver3
30,3030303;59;1969;27;40;93;18,82;driver3
35,71428571;59;1969;27;46;93;18,82;driver3
35,71428571;59;1969;27;46;0;18,82;driver3
32,25806452;59;2162;27;46;0;18,82;driver3
32,25806452;59;2162;27;46;0;18,82;driver3
32,25806452;59;2162;27;46;0;18,82;driver3
32,25806452;59;2162;27;46;0;18,82;driver3
32,25806452;59;2162;27;46;0;18,82;driver3
32,25806452;59;2162;27;46;0;18,82;driver3
32,25806452;59;2162;27;46;0;18,82;driver3
32,25806452;59;2162;27;46;0;14,9;driver3
32,25806452;59;2162;27;46;0;14,9;driver3
19,23076923;59;2162;45;46;0;14,9;driver3
17,54385965;59;2162;45;42;0;14,9;driver3
18,51851852;59;2044;45;42;42;14,9;driver3
18,51851852;59;2044;45;42;42;14,9;driver3
18,51851852;59;2044;45;42;42;14,9;driver3
18,51851852;59;2044;45;42;42;14,9;driver3
18,51851852;59;2044;45;42;42;14,9;driver3
18,51851852;59;2044;45;42;42;14,9;driver3
18,51851852;59;2044;45;42;42;14,9;driver3
18,51851852;59;2044;45;42;42;14,9;driver3
18,51851852;59;2044;45;42;42;17,65;driver3
18,51851852;59;2044;45;42;42;17,65;driver3
18,86792453;59;2044;44;42;42;17,65;driver3
18,18181818;59;2044;44;40;42;17,65;driver3
19,60784314;59;1901;44;40;49;17,65;driver3
19,60784314;59;1901;44;40;49;17,65;driver3
19,60784314;59;1901;44;40;49;17,65;driver3
19,60784314;59;1901;44;40;49;17,65;driver3
19,60784314;59;1901;44;40;49;17,65;driver3
19,60784314;59;1901;44;40;49;17,65;driver3
19,60784314;59;1901;44;40;49;17,65;driver3
19,60784314;59;1901;44;40;49;17,65;driver3
19,60784314;59;1901;44;40;49;12,16;driver3
19,60784314;59;1901;44;40;49;12,16;driver3
43,47826087;59;1901;20;40;49;12,16;driver3
34,48275862;59;1901;20;32;49;12,16;driver3
43,47826087;59;1470;20;32;18;12,16;driver3
43,47826087;59;1470;20;32;18;12,16;driver3
43,47826087;59;1470;20;32;18;12,16;driver3
43,47826087;59;1470;20;32;18;12,16;driver3
43,47826087;59;1470;20;32;18;12,16;driver3
43,47826087;59;1470;20;32;18;12,16;driver3
43,47826087;59;1470;20;32;18;12,16;driver3
43,47826087;59;1470;20;32;18;12,16;driver3
43,47826087;59;1470;20;32;18;15,29;driver3
43,47826087;59;1470;20;32;18;15,29;driver3
22,22222222;59;1470;40;32;18;15,29;driver3
22,22222222;59;1470;40;32;18;15,29;driver3
15,87301587;59;1470;40;23;3;15,29;driver3
16,39344262;59;1427;40;23;3;15,29;driver3
16,39344262;59;1427;40;23;3;15,29;driver3
16,39344262;59;1427;40;23;3;15,29;driver3
16,39344262;59;1427;40;23;3;15,29;driver3
16,39344262;59;1427;40;23;3;15,29;driver3
16,39344262;59;1427;40;23;3;15,29;driver3
16,39344262;59;1427;40;23;3;15,29;driver3
16,39344262;59;1427;40;23;3;14,9;driver3
16,39344262;59;1427;40;23;3;14,9;driver3
12,34567901;59;1427;53;23;3;14,9;driver3
12,34567901;59;1427;53;23;3;14,9;driver3
8,620689655;59;1427;53;16;29;14,9;driver3
13,15789474;59;932;53;16;29;14,9;driver3
13,15789474;59;932;53;16;29;14,9;driver3
13,15789474;59;932;53;16;29;14,9;driver3
13,15789474;59;932;53;16;29;14,9;driver3
13,15789474;59;932;53;16;29;14,9;driver3
13,15789474;59;932;53;16;29;14,9;driver3
13,15789474;59;932;53;16;29;14,9;driver3
13,15789474;59;932;53;16;29;24,31;driver3
13,15789474;59;932;53;16;29;24,31;driver3
13,15789474;59;932;53;16;29;24,31;driver3
9,174311927;59;932;76;16;29;24,31;driver3
10,86956522;59;932;76;19;29;24,31;driver3
5,235602094;59;1946;76;19;67;24,31;driver3
5,235602094;59;1946;76;19;67;24,31;driver3
5,235602094;59;1946;76;19;67;24,31;driver3
5,235602094;59;1946;76;19;67;24,31;driver3
5,235602094;59;1946;76;19;67;24,31;driver3
5,235602094;59;1946;76;19;67;24,31;driver3
5,235602094;59;1946;76;19;67;24,31;driver3
5,235602094;59;1946;76;19;67;23,53;driver3
5,235602094;59;1946;76;19;67;23,53;driver3
5,235602094;59;1946;76;19;67;23,53;driver3
4,048582996;59;1946;98;19;67;23,53;driver3
4,901960784;59;1946;98;23;67;23,53;driver3
6,024096386;59;1587;98;23;99;23,53;driver3
6,024096386;59;1587;98;23;99;23,53;driver3
6,024096386;59;1587;98;23;99;23,53;driver3
6,024096386;59;1587;98;23;99;23,53;driver3
6,024096386;59;1587;98;23;99;23,53;driver3
6,024096386;59;1587;98;23;99;23,53;driver3
6,024096386;59;1587;98;23;99;23,53;driver3
6,024096386;59;1587;98;23;99;31,76;driver3
6,024096386;59;1587;98;23;99;31,76;driver3
6,024096386;59;1587;98;23;99;31,76;driver3
6,756756757;59;1587;87;23;99;31,76;driver3
10;59;1587;87;34;99;31,76;driver3
7,874015748;59;2014;87;34;13;31,76;driver3
7,874015748;59;2014;87;34;13;31,76;driver3
7,874015748;59;2014;87;34;13;31,76;driver3
7,874015748;59;2014;87;34;13;31,76;driver3
7,874015748;59;2014;87;34;13;31,76;driver3
7,874015748;59;2014;87;34;13;31,76;driver3
7,874015748;59;2014;87;34;13;31,76;driver3
7,874015748;59;2014;87;34;13;31,76;driver3
7,874015748;59;2014;87;34;13;40,78;driver3
7,874015748;59;2014;87;34;13;40,78;driver3
6,993006993;59;2014;98;34;13;40,78;driver3
7,633587786;59;2014;98;37;13;40,78;driver3
7,633587786;59;2014;98;37;98;40,78;driver3
8,547008547;59;1798;98;37;98;40,78;driver3
8,547008547;59;1798;98;37;98;40,78;driver3
8,547008547;59;1798;98;37;98;40,78;driver3
8,547008547;59;1798;98;37;98;40,78;driver3
8,547008547;59;1798;98;37;98;40,78;driver3
8,547008547;59;1798;98;37;98;40,78;driver3
8,547008547;59;1798;98;37;98;40,78;driver3
8,547008547;59;1798;98;37;98;44,71;driver3
8,547008547;59;1798;98;37;98;44,71;driver3
8,547008547;59;1798;98;37;98;44,71;driver3
8,547008547;59;1798;98;37;98;44,71;driver3
10,41666667;59;1798;98;45;99;44,71;driver3
8,547008547;59;2184;98;45;99;44,71;driver3
8,547008547;59;2184;98;45;99;44,71;driver3
8,547008547;59;2184;98;45;99;44,71;driver3
8,547008547;59;2184;98;45;99;44,71;driver3
8,547008547;59;2184;98;45;99;44,71;driver3
8,547008547;59;2184;98;45;99;44,71;driver3
8,547008547;59;2184;98;45;99;44,71;driver3
8,547008547;59;2184;98;45;99;19,22;driver3
8,547008547;59;2184;98;45;99;19,22;driver3
16,39344262;59;2184;51;45;99;19,22;driver3
16,39344262;59;2184;51;45;99;19,22;driver3
17,54385965;59;2184;51;48;41;19,22;driver3
16,66666667;59;2307;51;48;41;19,22;driver3
16,66666667;59;2307;51;48;41;19,22;driver3
16,66666667;59;2307;51;48;41;19,22;driver3
16,66666667;59;2307;51;48;41;19,22;driver3
16,66666667;59;2307;51;48;41;19,22;driver3
16,66666667;59;2307;51;48;41;19,22;driver3
16,66666667;59;2307;51;48;41;19,22;driver3
16,66666667;59;2307;51;48;41;20;driver3
16,66666667;59;2307;51;48;41;20;driver3
16,66666667;59;2307;51;48;41;20;driver3
17,24137931;59;2307;49;48;41;20;driver3
17,85714286;59;2307;49;50;41;20;driver3
17,54385965;59;2345;49;50;2;20;driver3
17,54385965;59;2345;49;50;2;20;driver3
17,54385965;59;2345;49;50;2;20;driver3
17,54385965;59;2345;49;50;2;20;driver3
17,54385965;59;2345;49;50;2;20;driver3
17,54385965;59;2345;49;50;2;20;driver3
17,54385965;59;2345;49;50;2;20;driver3
17,54385965;59;2345;49;50;2;20;driver3
17,54385965;59;2345;49;50;2;14,51;driver3
17,54385965;59;2345;49;50;2;14,51;driver3
45,45454545;59;2345;19;50;2;14,51;driver3
43,47826087;59;2345;19;47;2;14,51;driver3
45,45454545;59;2208;19;47;26;14,51;driver3
45,45454545;59;2208;19;47;26;14,51;driver3
45,45454545;59;2208;19;47;26;14,51;driver3
45,45454545;59;2208;19;47;26;14,51;driver3
45,45454545;59;2208;19;47;26;14,51;driver3
45,45454545;59;2208;19;47;26;14,51;driver3
45,45454545;59;2208;19;47;26;14,51;driver3
45,45454545;59;2208;19;47;26;14,51;driver3
45,45454545;59;2208;19;47;26;13,73;driver3
45,45454545;59;2208;19;47;26;13,73;driver3
23,25581395;59;2208;37;47;26;13,73;driver3
22,22222222;59;2208;37;45;26;13,73;driver3
23,25581395;59;2150;37;45;44;13,73;driver3
23,25581395;59;2150;37;45;44;13,73;driver3
23,25581395;59;2150;37;45;44;13,73;driver3
23,25581395;59;2150;37;45;44;13,73;driver3
23,25581395;59;2150;37;45;44;13,73;driver3
23,25581395;59;2150;37;45;44;13,73;driver3
23,25581395;59;2150;37;45;44;13,73;driver3
23,25581395;59;2150;37;45;44;13,73;driver3
23,25581395;59;2150;37;45;44;22,75;driver3
23,25581395;59;2150;37;45;44;22,75;driver3
16,12903226;59;2150;53;45;44;22,75;driver3
16,66666667;59;2150;53;47;44;22,75;driver3
16,12903226;59;2247;53;47;39;22,75;driver3
16,12903226;59;2247;53;47;39;22,75;driver3
16,12903226;59;2247;53;47;39;22,75;driver3
16,12903226;59;2247;53;47;39;22,75;driver3
16,12903226;59;2247;53;47;39;22,75;driver3
16,12903226;59;2247;53;47;39;22,75;driver3
16,12903226;59;2247;53;47;39;22,75;driver3
16,12903226;59;2247;53;47;39;22,75;driver3
16,12903226;59;2247;53;47;39;20;driver3
16,12903226;59;2247;53;47;39;20;driver3
16,66666667;59;2247;51;47;39;20;driver3
16,66666667;59;2247;51;47;39;20;driver3
16,66666667;59;2247;51;47;14;20;driver3
16,94915254;59;2223;51;47;14;20;driver3
16,94915254;59;2223;51;47;14;20;driver3
16,94915254;59;2223;51;47;14;20;driver3
16,94915254;59;2223;51;47;14;20;driver3
16,94915254;59;2223;51;47;14;20;driver3
16,94915254;59;2223;51;47;14;20;driver3
16,94915254;59;2223;51;47;14;20;driver3
16,94915254;59;2223;51;47;14;20;driver3
16,94915254;59;2223;51;47;14;12,94;driver3
16,94915254;59;2223;51;47;14;12,94;driver3
45,45454545;59;2223;19;47;14;12,94;driver3
40;59;2223;19;42;14;12,94;driver3
45,45454545;59;1955;19;42;0;12,94;driver3
45,45454545;59;1955;19;42;0;12,94;driver3
45,45454545;59;1955;19;42;0;12,94;driver3
45,45454545;59;1955;19;42;0;12,94;driver3
45,45454545;59;1955;19;42;0;12,94;driver3
45,45454545;59;1955;19;42;0;12,94;driver3
45,45454545;59;1955;19;42;0;12,94;driver3
45,45454545;59;1955;19;42;0;12,94;driver3
45,45454545;59;1955;19;42;0;11,76;driver3
45,45454545;59;1955;19;42;0;11,76;driver3
45,45454545;59;1955;19;42;0;11,76;driver3
35,71428571;59;1955;19;33;0;11,76;driver3
66,66666667;59;1069;19;33;42;11,76;driver3
66,66666667;59;1069;19;33;42;11,76;driver3
66,66666667;59;1069;19;33;42;11,76;driver3
66,66666667;59;1069;19;33;42;11,76;driver3
66,66666667;59;1069;19;33;42;11,76;driver3
66,66666667;59;1069;19;33;42;11,76;driver3
66,66666667;59;1069;19;33;42;11,76;driver3
66,66666667;59;1069;19;33;42;11,76;driver3
66,66666667;59;1069;19;33;42;14,51;driver3
66,66666667;59;1069;19;33;42;14,51;driver3
27,77777778;59;1069;45;33;42;14,51;driver3
24,3902439;59;1069;45;29;42;14,51;driver3
34,48275862;59;754;45;29;55;14,51;driver3
34,48275862;59;754;45;29;55;14,51;driver3
34,48275862;59;754;45;29;55;14,51;driver3
34,48275862;59;754;45;29;55;14,51;driver3
34,48275862;59;754;45;29;55;14,51;driver3
34,48275862;59;754;45;29;55;14,51;driver3
34,48275862;59;754;45;29;55;14,51;driver3
34,48275862;59;754;45;29;55;14,51;driver3
34,48275862;59;754;45;29;55;14,51;driver3
34,48275862;59;754;45;29;55;14,51;driver3
34,48275862;59;754;45;29;55;14,51;driver3
26,31578947;59;754;45;22;55;14,51;driver3
10,86956522;59;1835;45;22;49;14,51;driver3
10,86956522;59;1835;45;22;49;14,51;driver3
10,86956522;59;1835;45;22;49;14,51;driver3
10,86956522;59;1835;45;22;49;14,51;driver3
10,86956522;59;1835;45;22;49;14,51;driver3
10,86956522;59;1835;45;22;49;14,51;driver3
10,86956522;59;1835;45;22;49;14,51;driver3
10,86956522;59;1835;45;22;49;14,51;driver3
10,86956522;59;1835;45;22;49;19,22;driver3
10,86956522;59;1835;45;22;49;19,22;driver3
8,547008547;59;1835;57;22;49;19,22;driver3
8,547008547;59;1835;57;22;49;19,22;driver3
7,407407407;59;1835;57;19;71;19,22;driver3
7,042253521;59;1922;57;19;71;19,22;driver3
7,042253521;59;1922;57;19;71;19,22;driver3
7,042253521;59;1922;57;19;71;19,22;driver3
7,042253521;59;1922;57;19;71;19,22;driver3
7,042253521;59;1922;57;19;71;19,22;driver3
7,042253521;59;1922;57;19;71;19,22;driver3
7,042253521;59;1922;57;19;71;19,22;driver3
7,042253521;59;1922;57;19;71;19,22;driver3
7,042253521;59;1922;57;19;71;19,22;driver3
14,92537313;59;1922;27;19;71;19,22;driver3
14,92537313;59;1922;27;19;71;19,22;driver3
20,40816327;59;1922;27;26;52;19,22;driver3
23,80952381;59;1661;27;26;52;19,22;driver3
23,80952381;59;1661;27;26;52;19,22;driver3
23,80952381;59;1661;27;26;52;19,22;driver3
23,80952381;59;1661;27;26;52;19,22;driver3
23,80952381;59;1661;27;26;52;19,22;driver3
23,80952381;59;1661;27;26;52;19,22;driver3
23,80952381;59;1661;27;26;52;19,22;driver3
23,80952381;59;1661;27;26;52;45,1;driver3
23,80952381;59;1661;27;26;52;45,1;driver3
23,80952381;59;1661;27;26;52;45,1;driver3
6,493506494;59;1661;98;26;52;45,1;driver3
8,771929825;59;1661;98;35;52;45,1;driver3
6,211180124;59;2338;98;35;69;45,1;driver3
6,211180124;59;2338;98;35;69;45,1;driver3
6,211180124;59;2338;98;35;69;45,1;driver3
6,211180124;59;2338;98;35;69;45,1;driver3
6,211180124;59;2338;98;35;69;45,1;driver3
6,211180124;59;2338;98;35;69;45,1;driver3
6,211180124;59;2338;98;35;69;45,1;driver3
6,211180124;59;2338;98;35;69;45,1;driver3
6,211180124;59;2338;98;35;69;16,86;driver3
6,211180124;59;2338;98;35;69;16,86;driver3
6,493506494;59;2338;94;35;69;16,86;driver3
6,493506494;59;2338;94;35;69;16,86;driver3
8,771929825;59;1720;94;35;92;16,86;driver3
8,771929825;59;1720;94;35;92;16,86;driver3
8,771929825;59;1720;94;35;92;16,86;driver3
8,771929825;59;1720;94;35;92;16,86;driver3
8,771929825;59;1720;94;35;92;16,86;driver3
8,771929825;59;1720;94;35;92;16,86;driver3
8,771929825;59;1720;94;35;92;16,86;driver3
8,771929825;59;1720;94;35;92;16,86;driver3
8,771929825;59;1720;94;35;92;28,63;driver3
8,771929825;59;1720;94;35;92;28,63;driver3
9,803921569;59;1720;84;35;92;28,63;driver3
11,49425287;59;1720;84;41;92;28,63;driver3
10;59;1987;84;41;74;28,63;driver3
10;59;1987;84;41;74;28,63;driver3
10;59;1987;84;41;74;28,63;driver3
10;59;1987;84;41;74;28,63;driver3
10;59;1987;84;41;74;28,63;driver3
10;59;1987;84;41;74;28,63;driver3
10;59;1987;84;41;74;28,63;driver3
10;59;1987;84;41;74;28,63;driver3
10;59;1987;84;41;74;23,14;driver3
10;59;1987;84;41;74;23,14;driver3
12,19512195;59;1987;69;41;74;23,14;driver3
13,33333333;59;1987;69;45;74;23,14;driver3
12,34567901;59;2143;69;45;58;23,14;driver3
12,34567901;59;2143;69;45;58;23,14;driver3
12,34567901;59;2143;69;45;58;23,14;driver3
12,34567901;59;2143;69;45;58;23,14;driver3
12,34567901;59;2143;69;45;58;23,14;driver3
12,34567901;59;2143;69;45;58;23,14;driver3
12,34567901;59;2143;69;45;58;23,14;driver3
12,34567901;59;2143;69;45;58;23,14;driver3
12,34567901;59;2143;69;45;58;22,75;driver3
12,34567901;59;2143;69;45;58;22,75;driver3
12,19512195;59;2143;70;45;58;22,75;driver3
12,19512195;59;2143;70;45;58;22,75;driver3
11,9047619;59;2143;70;44;62;22,75;driver3
12,34567901;59;2072;70;44;62;22,75;driver3
12,34567901;59;2072;70;44;62;22,75;driver3
12,34567901;59;2072;70;44;62;22,75;driver3
12,34567901;59;2072;70;44;62;22,75;driver3
12,34567901;59;2072;70;44;62;22,75;driver3
12,34567901;59;2072;70;44;62;22,75;driver3
12,34567901;59;2072;70;44;62;22,75;driver3
12,34567901;59;2072;70;44;62;23,14;driver3
12,34567901;59;2072;70;44;62;23,14;driver3
11,76470588;59;2072;73;44;62;23,14;driver3
11,76470588;59;2072;73;44;62;23,14;driver3
10,98901099;59;2072;73;41;62;23,14;driver3
11,62790698;59;1974;73;41;62;23,14;driver3
11,62790698;59;1974;73;41;62;23,14;driver3
11,62790698;59;1974;73;41;62;23,14;driver3
11,62790698;59;1974;73;41;62;23,14;driver3
11,62790698;59;1974;73;41;62;23,14;driver3
11,62790698;59;1974;73;41;62;23,14;driver3
11,62790698;59;1974;73;41;62;23,14;driver3
11,62790698;59;1974;73;41;62;23,14;driver3
11,62790698;59;1974;73;41;62;37,25;driver3
11,62790698;59;1974;73;41;62;37,25;driver3
8,695652174;59;1974;97;41;62;37,25;driver3
8,064516129;59;1974;97;38;62;37,25;driver3
8,620689655;59;1847;97;38;94;37,25;driver3
8,620689655;59;1847;97;38;94;37,25;driver3
8,620689655;59;1847;97;38;94;37,25;driver3
8,620689655;59;1847;97;38;94;37,25;driver3
8,620689655;59;1847;97;38;94;37,25;driver3
8,620689655;59;1847;97;38;94;37,25;driver3
8,620689655;59;1847;97;38;94;37,25;driver3
8,620689655;59;1847;97;38;94;37,25;driver3
8,620689655;59;1847;97;38;94;35,69;driver3
8,620689655;59;1847;97;38;94;35,69;driver3
9,090909091;59;1847;92;38;94;35,69;driver3
9,615384615;59;1847;92;40;94;35,69;driver3
9,259259259;59;1904;92;40;54;35,69;driver3
9,259259259;59;1904;92;40;54;35,69;driver3
9,259259259;59;1904;92;40;54;35,69;driver3
9,259259259;59;1904;92;40;54;35,69;driver3
9,259259259;59;1904;92;40;54;35,69;driver3
9,259259259;59;1904;92;40;54;35,69;driver3
9,259259259;59;1904;92;40;54;35,69;driver3
9,259259259;59;1904;92;40;54;35,69;driver3
9,259259259;59;1904;92;40;54;12,55;driver3
9,259259259;58;1904;92;40;54;12,55;driver3
32,25806452;58;1904;26;40;54;12,55;driver3
32,25806452;58;1904;26;40;54;12,55;driver3
30,3030303;58;1904;26;37;11;12,55;driver3
33,33333333;58;1735;26;37;11;12,55;driver3
33,33333333;58;1735;26;37;11;12,55;driver3
33,33333333;58;1735;26;37;11;12,55;driver3
33,33333333;58;1735;26;37;11;12,55;driver3
33,33333333;58;1735;26;37;11;12,55;driver3
33,33333333;58;1735;26;37;11;12,55;driver3
33,33333333;58;1735;26;37;11;12,55;driver3
33,33333333;58;1735;26;37;11;13,33;driver3
33,33333333;58;1735;26;37;11;13,33;driver3
27,02702703;58;1735;32;37;11;13,33;driver3
27,02702703;58;1735;32;37;11;13,33;driver3
22,72727273;58;1735;32;31;11;13,33;driver3
27,77777778;58;1419;32;31;25;13,33;driver3
27,77777778;58;1419;32;31;25;13,33;driver3
27,77777778;58;1419;32;31;25;13,33;driver3
27,77777778;58;1419;32;31;25;13,33;driver3
27,77777778;58;1419;32;31;25;13,33;driver3
27,77777778;58;1419;32;31;25;13,33;driver3
27,77777778;58;1419;32;31;25;13,33;driver3
27,77777778;58;1419;32;31;25;11,76;driver3
27,77777778;58;1419;32;31;25;11,76;driver3
27,77777778;58;1419;32;31;25;11,76;driver3
43,47826087;58;1419;20;31;25;11,76;driver3
33,33333333;58;1419;20;23;25;11,76;driver3
32,25806452;58;1439;20;23;21;11,76;driver3
32,25806452;58;1439;20;23;21;11,76;driver3
32,25806452;58;1439;20;23;21;11,76;driver3
32,25806452;58;1439;20;23;21;11,76;driver3
32,25806452;58;1439;20;23;21;11,76;driver3
32,25806452;58;1439;20;23;21;11,76;driver3
32,25806452;58;1439;20;23;21;11,76;driver3
32,25806452;58;1439;20;23;21;19,22;driver3
32,25806452;58;1439;20;23;21;19,22;driver3
12,04819277;58;1439;54;23;21;19,22;driver3
12,04819277;58;1439;54;23;21;19,22;driver3
10,41666667;58;1439;54;20;21;19,22;driver3
12,98701299;58;1155;54;20;30;19,22;driver3
12,98701299;58;1155;54;20;30;19,22;driver3
12,98701299;58;1155;54;20;30;19,22;driver3
12,98701299;58;1155;54;20;30;19,22;driver3
12,98701299;58;1155;54;20;30;19,22;driver3
12,98701299;58;1155;54;20;30;19,22;driver3
12,98701299;58;1155;54;20;30;19,22;driver3
12,98701299;58;1155;54;20;30;19,22;driver3
12,98701299;58;1155;54;20;30;14,9;driver3
12,98701299;58;1155;54;20;30;14,9;driver3
15,15151515;58;1155;46;20;30;14,9;driver3
8,403361345;58;1155;46;11;30;14,9;driver3
10,30927835;58;942;46;11;71;14,9;driver3
10,30927835;58;942;46;11;71;14,9;driver3
10,30927835;58;942;46;11;71;14,9;driver3
10,30927835;58;942;46;11;71;14,9;driver3
10,30927835;58;942;46;11;71;14,9;driver3
10,30927835;58;942;46;11;71;14,9;driver3
10,30927835;58;942;46;11;71;14,9;driver3
10,30927835;58;942;46;11;71;14,9;driver3
10,30927835;58;942;46;11;71;15,29;driver3
10,30927835;58;942;46;11;71;15,29;driver3
9,433962264;58;942;50;11;71;15,29;driver3
8,620689655;58;942;50;10;71;15,29;driver3
8,403361345;58;964;50;10;36;15,29;driver3
8,403361345;58;964;50;10;36;15,29;driver3
8,403361345;58;964;50;10;36;15,29;driver3
8,403361345;58;964;50;10;36;15,29;driver3
8,403361345;58;964;50;10;36;15,29;driver3
8,403361345;58;964;50;10;36;15,29;driver3
8,403361345;58;964;50;10;36;15,29;driver3
8,403361345;58;964;50;10;36;15,29;driver3
8,403361345;58;964;50;10;36;14,51;driver3
8,403361345;58;964;50;10;36;14,51;driver3
8,928571429;58;964;47;10;36;14,51;driver3
8,928571429;58;964;47;10;36;14,51;driver3
10,75268817;58;804;47;10;41;14,51;driver3
10,75268817;58;804;47;10;41;14,51;driver3
10,75268817;58;804;47;10;41;14,51;driver3
10,75268817;58;804;47;10;41;14,51;driver3
10,75268817;58;804;47;10;41;14,51;driver3
10,75268817;58;804;47;10;41;14,51;driver3
10,75268817;58;804;47;10;41;14,51;driver3
10,75268817;58;804;47;10;41;14,51;driver3
10,75268817;58;804;47;10;41;14,51;driver3
