km/l;IAT(°C);RPM;MAP(kPa);km/h;Engine Load(%);Throttle position(%);Class
6,622516556;54;1584;88;23;81;24,31;Load
6,535947712;54;1605;88;23;81;24,31;Load
6,535947712;54;1605;88;23;81;24,31;Load
6,535947712;54;1605;88;23;81;24,31;Load
6,535947712;54;1605;88;23;81;24,31;Load
6,535947712;54;1605;88;23;81;24,31;Load
6,535947712;54;1605;88;23;81;24,31;Load
6,535947712;54;1605;88;23;81;24,31;Load
6,535947712;54;1605;88;23;81;66,67;Load
6,535947712;54;1605;88;23;81;66,67;Load
6,535947712;54;1605;88;23;81;66,67;Load
5,813953488;54;1605;99;23;81;66,67;Load
5,813953488;54;1605;99;23;81;66,67;Load
5,813953488;54;1605;99;23;81;66,67;Load
5,813953488;54;1605;99;23;81;66,67;Load
5,813953488;54;1605;99;23;81;66,67;Load
5,813953488;54;1605;99;23;81;66,67;Load
7,575757576;54;1605;99;30;81;66,67;Load
8,474576271;54;1431;99;30;91;66,67;Load
8,474576271;54;1431;99;30;91;66,67;Load
8,474576271;54;1431;99;30;91;66,67;Load
8,474576271;54;1431;99;30;91;66,67;Load
8,474576271;54;1431;99;30;91;66,67;Load
8,474576271;54;1431;99;30;91;66,67;Load
8,474576271;54;1431;99;30;91;66,67;Load
8,474576271;54;1431;99;30;91;85,88;Load
8,474576271;54;1431;99;30;91;85,88;Load
8,474576271;54;1431;99;30;91;85,88;Load
10,41666667;54;1431;99;37;91;85,88;Load
10,41666667;54;1431;99;37;41;85,88;Load
7,518796992;54;1998;99;37;41;85,88;Load
7,518796992;54;1998;99;37;41;85,88;Load
7,518796992;54;1998;99;37;41;85,88;Load
7,518796992;54;1998;99;37;41;85,88;Load
7,518796992;54;1998;99;37;41;85,88;Load
7,518796992;54;1998;99;37;41;85,88;Load
7,518796992;54;1998;99;37;41;85,88;Load
7,518796992;54;1998;99;37;41;85,88;Load
7,518796992;54;1998;99;37;41;85,88;Load
7,518796992;54;1998;99;37;41;85,88;Load
8,130081301;54;1998;99;40;90;85,88;Load
10,75268817;54;1498;99;40;90;85,88;Load
10,75268817;54;1498;99;40;90;85,88;Load
10,75268817;54;1498;99;40;90;85,88;Load
10,75268817;54;1498;99;40;90;85,88;Load
10,75268817;54;1498;99;40;90;85,88;Load
10,75268817;54;1498;99;40;90;85,88;Load
10,75268817;54;1498;99;40;90;43,92;Load
10,75268817;54;1498;99;40;90;43,92;Load
10,75268817;54;1498;99;40;90;43,92;Load
10,75268817;54;1498;99;40;90;43,92;Load
11,62790698;54;1498;99;43;89;43,92;Load
10,63829787;54;1634;99;43;89;43,92;Load
10,63829787;54;1634;99;43;89;43,92;Load
10,63829787;54;1634;99;43;89;43,92;Load
10,63829787;54;1634;99;43;89;43,92;Load
10,63829787;54;1634;99;43;89;43,92;Load
10,63829787;54;1634;99;43;89;43,92;Load
10,63829787;54;1634;99;43;89;57,65;Load
10,63829787;54;1634;99;43;89;57,65;Load
10,86956522;54;1634;97;43;89;57,65;Load
11,9047619;54;1634;97;47;89;57,65;Load
10,98901099;54;1763;97;47;86;57,65;Load
10,98901099;54;1763;97;47;86;57,65;Load
10,98901099;54;1763;97;47;86;57,65;Load
10,98901099;54;1763;97;47;86;57,65;Load
10,98901099;54;1763;97;47;86;57,65;Load
10,98901099;54;1763;97;47;86;57,65;Load
10,98901099;54;1763;97;47;86;57,65;Load
10,98901099;54;1763;97;47;86;13,73;Load
10,98901099;54;1763;97;47;86;13,73;Load
10,98901099;54;1763;97;47;86;13,73;Load
17,24137931;54;1604;35;24;29;12,94;Load
31,25;54;871;35;24;29;12,94;Load
31,25;54;871;35;24;29;78,43;Load
31,25;54;871;35;24;29;78,43;Load
11,11111111;54;871;99;24;29;78,43;Load
11,11111111;54;871;99;24;29;78,43;Load
5,813953488;54;1256;99;18;91;78,43;Load
5,813953488;54;1256;99;18;91;78,43;Load
5,813953488;54;1256;99;18;91;78,43;Load
5,813953488;54;1256;99;18;91;78,43;Load
5,813953488;54;1256;99;18;91;78,43;Load
5,813953488;54;1256;99;18;91;78,43;Load
5,813953488;54;1256;99;18;91;78,43;Load
5,813953488;54;1256;99;18;91;85,88;Load
5,813953488;54;1256;99;18;91;85,88;Load
5,813953488;54;1256;99;18;91;85,88;Load
12,98701299;54;1256;66;27;91;85,88;Load
12,98701299;54;1256;66;27;51;85,88;Load
11,9047619;54;1370;66;27;51;85,88;Load
11,9047619;54;1370;66;27;51;85,88;Load
11,9047619;54;1370;66;27;51;85,88;Load
11,9047619;54;1370;66;27;51;85,88;Load
11,9047619;54;1370;66;27;51;85,88;Load
11,9047619;54;1370;66;27;51;85,88;Load
11,9047619;54;1370;66;27;51;70,98;Load
11,9047619;54;1370;66;27;51;70,98;Load
8,064516129;54;1370;98;27;51;70,98;Load
9,259259259;54;1370;98;31;51;70,98;Load
8,620689655;54;1470;98;31;90;70,98;Load
8,620689655;54;1470;98;31;90;70,98;Load
8,620689655;54;1470;98;31;90;70,98;Load
8,620689655;54;1470;98;31;90;70,98;Load
8,620689655;54;1470;98;31;90;70,98;Load
8,620689655;54;1470;98;31;90;70,98;Load
8,620689655;54;1470;98;31;90;70,98;Load
8,620689655;54;1470;98;31;90;13,33;Load
8,620689655;54;1470;98;31;90;13,33;Load
9,259259259;54;1470;91;31;90;13,33;Load
10,52631579;54;1470;91;35;90;13,33;Load
11,49425287;54;1345;91;35;70;13,33;Load
11,49425287;54;1345;91;35;70;13,33;Load
11,49425287;54;1345;91;35;70;13,33;Load
11,49425287;54;1345;91;35;70;13,33;Load
11,49425287;54;1345;91;35;70;13,33;Load
11,49425287;54;1345;91;35;70;13,33;Load
11,49425287;54;1345;91;35;70;13,33;Load
11,49425287;54;1345;91;35;70;45,88;Load
11,49425287;54;1345;91;35;70;45,88;Load
10,52631579;54;1345;99;35;70;45,88;Load
12,04819277;54;1345;99;40;70;45,88;Load
10,52631579;54;1538;99;40;85;45,88;Load
10,52631579;54;1538;99;40;85;45,88;Load
10,52631579;54;1538;99;40;85;45,88;Load
10,52631579;54;1538;99;40;85;45,88;Load
10,52631579;54;1538;99;40;85;45,88;Load
10,52631579;54;1538;99;40;85;45,88;Load
10,52631579;54;1538;99;40;85;45,88;Load
10,52631579;54;1538;99;40;85;12,55;Load
10,52631579;54;1538;99;40;85;12,55;Load
35,71428571;54;1538;29;40;85;12,55;Load
33,33333333;54;1538;29;37;85;12,55;Load
38,46153846;54;1319;29;37;20;14,51;Load
38,46153846;54;1319;29;37;20;14,51;Load
31,25;54;1319;36;37;20;14,51;Load
16,12903226;54;1319;36;19;25;14,51;Load
17,54385965;54;1203;36;19;25;14,51;Load
17,54385965;54;1203;36;19;25;14,51;Load
17,54385965;54;1203;36;19;25;14,51;Load
17,54385965;54;1203;36;19;25;14,51;Load
17,54385965;54;1203;36;19;25;14,51;Load
17,54385965;54;1203;36;19;25;14,51;Load
17,54385965;54;1203;36;19;25;21,18;Load
17,54385965;54;1203;36;19;25;21,18;Load
17,54385965;54;1203;36;19;25;21,18;Load
6,711409396;54;1203;94;19;25;21,18;Load
6,024096386;54;1203;94;17;86;21,18;Load
6,711409396;54;1079;94;17;86;21,18;Load
6,711409396;54;1079;94;17;86;21,18;Load
6,711409396;54;1079;94;17;86;21,18;Load
6,711409396;54;1079;94;17;86;21,18;Load
6,711409396;54;1079;94;17;86;21,18;Load
6,711409396;54;1079;94;17;86;21,18;Load
6,711409396;54;1079;94;17;86;85,88;Load
6,711409396;54;1079;94;17;86;85,88;Load
6,711409396;54;1079;94;17;86;85,88;Load
6,369426752;54;1079;99;17;86;85,88;Load
8,26446281;54;1079;99;22;91;85,88;Load
8,26446281;54;1079;99;22;91;85,88;Load
8,26446281;54;1079;99;22;91;85,88;Load
8,26446281;54;1079;99;22;91;85,88;Load
8,26446281;54;1079;99;22;91;85,88;Load
8,26446281;54;1079;99;22;91;85,88;Load
8,26446281;54;1079;99;22;91;85,88;Load
8,26446281;54;1079;99;22;91;85,88;Load
4,681818182;54;1566;99;22;91;85,88;Load
4,681818182;54;1566;99;22;91;85,88;Load
4,681818182;54;1566;99;22;91;85,88;Load
4,681818182;54;1566;99;22;91;85,88;Load
4,681818182;54;1566;99;22;91;85,88;Load
4,681818182;54;1566;99;22;91;85,88;Load
4,681818182;54;1566;99;22;91;45,49;Load
4,681818182;54;1566;99;22;91;45,49;Load
4,681818182;54;1566;99;22;91;45,49;Load
4,681818182;54;1566;99;22;91;45,49;Load
6,711409396;54;1566;99;26;91;45,49;Load
8,064516129;54;1300;99;26;91;45,49;Load
8,064516129;54;1300;99;26;91;45,49;Load
8,064516129;54;1300;99;26;91;45,49;Load
8,064516129;54;1300;99;26;91;45,49;Load
8,064516129;54;1300;99;26;91;45,49;Load
8,064516129;54;1300;99;26;91;45,49;Load
8,064516129;54;1300;99;26;91;45,49;Load
8,064516129;54;1300;99;26;91;45,49;Load
8,064516129;54;1300;99;26;91;85,88;Load
8,064516129;54;1300;99;26;91;85,88;Load
8,064516129;54;1300;99;26;91;85,88;Load
8,064516129;54;1300;99;26;91;85,88;Load
10;54;1300;99;32;91;85,88;Load
8,26446281;54;1566;99;32;92;85,88;Load
8,26446281;54;1566;99;32;92;85,88;Load
8,26446281;54;1566;99;32;92;85,88;Load
8,26446281;54;1566;99;32;92;85,88;Load
8,26446281;54;1566;99;32;92;85,88;Load
8,26446281;54;1566;99;32;92;85,88;Load
8,26446281;54;1566;99;32;92;85,88;Load
8,26446281;54;1566;99;32;92;85,88;Load
8,26446281;54;1566;99;32;92;85,88;Load
8,26446281;54;1566;99;32;92;85,88;Load
8,26446281;54;1566;99;32;92;15,29;Load
8,26446281;54;1566;99;32;92;15,29;Load
13,15789474;54;1566;62;32;92;15,29;Load
14,49275362;54;1566;62;35;92;15,29;Load
16,94915254;54;1345;62;35;92;15,29;Load
16,94915254;54;1345;62;35;92;15,29;Load
16,94915254;54;1345;62;35;92;15,29;Load
16,94915254;54;1345;62;35;92;15,29;Load
16,94915254;54;1345;62;35;92;15,29;Load
16,94915254;54;1345;62;35;92;15,29;Load
16,94915254;54;1345;62;35;92;15,29;Load
16,94915254;54;1345;62;35;92;15,29;Load
16,94915254;54;1345;62;35;92;85,88;Load
16,94915254;54;1345;62;35;92;85,88;Load
10,52631579;54;1345;99;35;92;85,88;Load
11,11111111;54;1345;99;37;92;85,88;Load
10,52631579;54;1415;99;37;92;85,88;Load
10,52631579;54;1415;99;37;92;85,88;Load
10,52631579;54;1415;99;37;92;85,88;Load
10,52631579;54;1415;99;37;92;85,88;Load
10,52631579;54;1415;99;37;92;85,88;Load
10,52631579;54;1415;99;37;92;85,88;Load
10,52631579;54;1415;99;37;92;85,88;Load
10,52631579;54;1415;99;37;92;85,88;Load
10,52631579;54;1415;99;37;92;85,88;Load
10,52631579;54;1415;99;37;92;85,88;Load
11,49425287;54;1415;99;40;93;85,88;Load
10,52631579;54;1535;99;40;93;85,88;Load
10,52631579;54;1535;99;40;93;85,88;Load
10,52631579;54;1535;99;40;93;85,88;Load
10,52631579;54;1535;99;40;93;85,88;Load
10,52631579;54;1535;99;40;93;85,88;Load
10,52631579;54;1535;99;40;93;85,88;Load
10,52631579;54;1535;99;40;93;20,39;Load
10,52631579;54;1535;99;40;93;20,39;Load
10,52631579;54;1535;99;40;93;20,39;Load
11,23595506;54;1535;93;40;93;20,39;Load
12,04819277;54;1535;93;43;65;20,39;Load
11,49425287;54;1615;93;43;65;20,39;Load
11,49425287;54;1615;93;43;65;20,39;Load
11,49425287;54;1615;93;43;65;20,39;Load
11,49425287;54;1615;93;43;65;20,39;Load
11,49425287;54;1615;93;43;65;20,39;Load
11,49425287;54;1615;93;43;65;20,39;Load
11,49425287;54;1615;93;43;65;23,14;Load
11,49425287;54;1615;93;43;65;23,14;Load
11,49425287;54;1615;93;43;65;23,14;Load
12,04819277;54;1615;88;43;65;23,14;Load
12,04819277;54;1615;88;43;76;23,14;Load
12,19512195;54;1608;88;43;76;23,14;Load
12,19512195;54;1608;88;43;76;23,14;Load
12,19512195;54;1608;88;43;76;23,14;Load
12,19512195;54;1608;88;43;76;23,14;Load
12,19512195;54;1608;88;43;76;23,14;Load
12,19512195;54;1608;88;43;76;23,14;Load
12,19512195;54;1608;88;43;76;24,71;Load
12,19512195;54;1608;88;43;76;24,71;Load
12,19512195;54;1608;88;43;76;24,71;Load
11,36363636;54;1608;94;43;76;24,71;Load
11,36363636;54;1608;94;43;82;24,71;Load
11,23595506;54;1636;94;43;82;24,71;Load
11,23595506;54;1636;94;43;82;24,71;Load
11,23595506;54;1636;94;43;82;24,71;Load
11,23595506;54;1636;94;43;82;24,71;Load
11,23595506;54;1636;94;43;82;24,71;Load
11,23595506;54;1636;94;43;82;24,71;Load
11,23595506;54;1636;94;43;82;15,29;Load
11,23595506;54;1636;94;43;82;15,29;Load
11,23595506;54;1636;94;43;82;15,29;Load
11,9047619;54;1636;88;43;82;15,29;Load
11,9047619;54;1636;88;43;78;15,29;Load
11,9047619;54;1645;88;43;78;15,29;Load
11,9047619;54;1645;88;43;78;15,29;Load
11,9047619;54;1645;88;43;78;15,29;Load
11,9047619;54;1645;88;43;78;15,29;Load
11,9047619;54;1645;88;43;78;15,29;Load
11,9047619;54;1645;88;43;78;15,29;Load
11,9047619;54;1645;88;43;78;13,73;Load
11,9047619;54;1645;88;43;78;13,73;Load
11,9047619;54;1645;88;43;78;13,73;Load
29,41176471;54;1645;30;36;78;13,73;Load
47,61904762;54;1016;30;36;21;12,94;Load
47,61904762;54;1016;30;36;21;12,94;Load
23,25581395;54;1016;61;36;21;12,94;Load
8,403361345;54;1016;61;13;67;12,94;Load
11,36363636;54;748;61;13;67;12,94;Load
11,36363636;54;748;61;13;67;12,94;Load
11,36363636;54;748;61;13;67;12,94;Load
11,36363636;54;748;61;13;67;12,94;Load
11,36363636;54;748;61;13;67;12,94;Load
11,36363636;54;748;61;13;67;12,94;Load
11,36363636;54;748;61;13;67;30,2;Load
11,36363636;54;748;61;13;67;30,2;Load
7,042253521;54;748;99;13;67;30,2;Load
9,174311927;54;748;99;17;67;30,2;Load
6,41025641;54;1072;99;17;87;30,2;Load
6,41025641;54;1072;99;17;87;30,2;Load
6,41025641;54;1072;99;17;87;30,2;Load
6,41025641;54;1072;99;17;87;30,2;Load
6,41025641;54;1072;99;17;87;30,2;Load
6,41025641;54;1072;99;17;87;30,2;Load
6,41025641;54;1072;99;17;87;30,2;Load
6,41025641;54;1072;99;17;87;85,88;Load
6,41025641;54;1072;99;17;87;85,88;Load
6,41025641;54;1072;99;17;87;85,88;Load
6,41025641;54;1072;99;17;87;85,88;Load
4,952380952;54;1631;99;24;91;85,88;Load
4,952380952;54;1631;99;24;91;85,88;Load
4,952380952;54;1631;99;24;91;85,88;Load
4,952380952;54;1631;99;24;91;85,88;Load
4,952380952;54;1631;99;24;91;85,88;Load
4,952380952;54;1631;99;24;91;85,88;Load
4,952380952;54;1631;99;24;91;85,88;Load
4,952380952;54;1631;99;24;91;79,22;Load
4,952380952;54;1631;99;24;91;79,22;Load
4,952380952;54;1631;99;24;91;79,22;Load
7,194244604;54;1631;99;29;91;79,22;Load
8,130081301;54;1445;99;29;91;79,22;Load
8,130081301;54;1445;99;29;91;79,22;Load
8,130081301;54;1445;99;29;91;79,22;Load
8,130081301;54;1445;99;29;91;79,22;Load
8,130081301;54;1445;99;29;91;79,22;Load
8,130081301;54;1445;99;29;91;79,22;Load
8,130081301;54;1445;99;29;91;79,22;Load
8,130081301;54;1445;99;29;91;12,55;Load
8,130081301;54;1445;99;29;91;12,55;Load
13,15789474;54;1445;61;29;91;12,55;Load
16,39344262;54;1445;61;36;91;12,55;Load
17,54385965;54;1354;61;36;92;12,55;Load
17,54385965;54;1354;61;36;92;12,55;Load
17,54385965;54;1354;61;36;92;12,55;Load
17,54385965;54;1354;61;36;92;12,55;Load
17,54385965;54;1354;61;36;92;12,55;Load
17,54385965;54;1354;61;36;92;12,55;Load
17,54385965;54;1354;61;36;92;12,55;Load
17,54385965;54;1354;61;36;92;67,84;Load
17,54385965;54;1354;61;36;92;67,84;Load
10,75268817;54;1354;99;36;92;67,84;Load
12,5;54;1354;99;42;92;67,84;Load
10,52631579;54;1616;99;42;93;67,84;Load
10,52631579;54;1616;99;42;93;67,84;Load
10,52631579;54;1616;99;42;93;67,84;Load
10,52631579;54;1616;99;42;93;67,84;Load
10,52631579;54;1616;99;42;93;67,84;Load
10,52631579;54;1616;99;42;93;67,84;Load
10,52631579;54;1616;99;42;93;67,84;Load
10,52631579;54;1616;99;42;93;16,08;Load
10,41666667;51;1616;99;42;93;16,08;Load
10,41666667;51;1616;99;42;93;16,08;Load
15,15151515;51;1616;68;42;93;16,08;Load
15,15151515;51;1688;68;44;53;16,08;Load
15,15151515;51;1688;68;44;53;16,08;Load
15,15151515;51;1688;68;44;53;16,08;Load
15,15151515;51;1688;68;44;53;16,08;Load
15,15151515;51;1688;68;44;53;16,08;Load
15,15151515;51;1688;68;44;53;16,08;Load
15,15151515;51;1688;68;44;53;16,08;Load
15,15151515;51;1688;68;44;53;19,22;Load
15,15151515;51;1688;68;44;53;19,22;Load
15,15151515;51;1688;68;44;53;19,22;Load
16,66666667;51;1688;62;44;53;19,22;Load
17,85714286;51;1688;62;47;35;19,22;Load
17,24137931;51;1738;62;47;35;19,22;Load
17,24137931;51;1738;62;47;35;19,22;Load
17,24137931;51;1738;62;47;35;19,22;Load
17,24137931;51;1738;62;47;35;19,22;Load
17,24137931;51;1738;62;47;35;19,22;Load
17,24137931;51;1738;62;47;35;19,22;Load
17,24137931;51;1738;62;47;35;14,12;Load
17,24137931;51;1738;62;47;35;14,12;Load
17,24137931;51;1738;62;47;35;14,12;Load
34,48275862;51;1663;31;45;20;16,86;Load
34,48275862;51;1663;31;45;20;16,86;Load
23,25581395;51;1678;46;45;25;16,86;Load
23,25581395;51;1678;46;45;25;13,73;Load
23,25581395;51;1678;46;45;25;13,73;Load
33,33333333;51;1678;30;43;19;13,73;Load
34,48275862;51;1634;30;43;19;13,73;Load
34,48275862;51;1634;30;43;19;13,73;Load
23,80952381;51;1634;44;43;19;13,73;Load
18,18181818;51;1634;44;33;47;13,73;Load
23,25581395;51;1278;44;33;47;13,73;Load
21,73913043;51;1324;47;34;32;14,12;Load
21,73913043;51;1324;47;34;32;42,75;Load
21,73913043;51;1324;47;34;32;42,75;Load
10,30927835;51;1324;99;34;32;42,75;Load
10,86956522;51;1324;99;36;32;42,75;Load
10,41666667;51;1379;99;36;92;42,75;Load
10,41666667;51;1379;99;36;92;42,75;Load
10,41666667;51;1379;99;36;92;42,75;Load
10,41666667;51;1379;99;36;92;42,75;Load
10,41666667;51;1379;99;36;92;42,75;Load
10,41666667;51;1379;99;36;92;42,75;Load
10,41666667;51;1379;99;36;92;42,75;Load
10,41666667;51;1379;99;36;92;85,88;Load
10,41666667;51;1379;99;36;92;85,88;Load
10,41666667;51;1379;99;36;92;85,88;Load
11,9047619;51;1379;99;41;92;85,88;Load
10,52631579;51;1569;99;41;92;85,88;Load
10,52631579;51;1569;99;41;92;85,88;Load
10,52631579;51;1569;99;41;92;85,88;Load
10,52631579;51;1569;99;41;92;85,88;Load
10,52631579;51;1569;99;41;92;85,88;Load
10,52631579;51;1569;99;41;92;85,88;Load
10,52631579;51;1569;99;41;92;85,88;Load
10,52631579;51;1569;99;41;92;18,43;Load
10,52631579;51;1569;99;41;92;18,43;Load
35,71428571;51;1642;30;44;16;14,12;Load
30,3030303;51;1642;35;44;16;14,12;Load
20,83333333;51;1642;35;30;16;14,12;Load
31,25;51;1075;35;30;25;14,51;Load
11,49425287;51;1075;96;30;25;14,51;Load
5,535947712;51;1075;96;17;25;14,51;Load
5,535947712;51;1153;96;17;88;14,51;Load
5,535947712;51;1153;96;17;88;14,51;Load
5,535947712;51;1153;96;17;88;14,51;Load
5,535947712;51;1153;96;17;88;14,51;Load
5,535947712;51;1153;96;17;88;14,51;Load
5,535947712;51;1153;96;17;88;14,51;Load
5,535947712;51;1153;96;17;88;14,51;Load
5,535947712;51;1153;96;17;88;49,41;Load
5,535947712;51;1153;96;17;88;49,41;Load
5,988023952;51;1153;98;17;88;49,41;Load
4,780346821;51;1153;98;25;88;49,41;Load
4,780346821;51;1730;98;25;89;49,41;Load
4,780346821;51;1730;98;25;89;49,41;Load
4,780346821;51;1730;98;25;89;49,41;Load
4,780346821;51;1730;98;25;89;49,41;Load
4,780346821;51;1730;98;25;89;49,41;Load
4,780346821;51;1730;98;25;89;49,41;Load
4,780346821;51;1730;98;25;89;49,41;Load
4,780346821;51;1730;98;25;89;44,31;Load
4,780346821;51;1730;98;25;89;44,31;Load
4,780346821;51;1730;99;25;89;44,31;Load
7,194244604;51;1730;99;31;89;44,31;Load
8,547008547;51;1455;99;31;91;44,31;Load
8,547008547;51;1455;99;31;91;44,31;Load
8,547008547;51;1455;99;31;91;44,31;Load
8,547008547;51;1455;99;31;91;44,31;Load
8,547008547;51;1455;99;31;91;44,31;Load
8,547008547;51;1455;99;31;91;44,31;Load
8,547008547;51;1455;99;31;91;44,31;Load
8,547008547;51;1455;99;31;91;36,86;Load
8,547008547;51;1455;99;31;91;36,86;Load
28,57142857;51;1455;30;31;91;36,86;Load
28,57142857;51;1455;30;31;91;36,86;Load
35,71428571;51;1292;30;35;92;56,08;Load
35,71428571;51;1292;30;35;92;56,08;Load
10,98901099;51;1292;98;35;92;56,08;Load
13,15789474;51;1292;98;42;88;56,08;Load
10,75268817;51;1574;98;42;88;56,08;Load
10,75268817;51;1574;98;42;88;56,08;Load
10,75268817;51;1574;98;42;88;56,08;Load
10,75268817;51;1574;98;42;88;56,08;Load
10,75268817;51;1574;98;42;88;56,08;Load
10,75268817;51;1574;98;42;88;56,08;Load
10,75268817;51;1574;98;42;88;56,08;Load
10,75268817;51;1574;98;42;88;85,88;Load
10,75268817;49;1574;98;42;88;85,88;Load
10,63829787;49;1574;99;42;88;85,88;Load
11,36363636;49;1574;99;45;88;85,88;Load
10,41666667;49;1721;99;45;90;85,88;Load
10,41666667;49;1721;99;45;90;85,88;Load
10,41666667;49;1721;99;45;90;85,88;Load
10,41666667;49;1721;99;45;90;85,88;Load
10,41666667;49;1721;99;45;90;85,88;Load
10,41666667;49;1721;99;45;90;85,88;Load
10,41666667;49;1721;99;45;90;85,88;Load
10,41666667;49;1721;99;45;90;19,61;Load
10,41666667;49;1721;99;45;90;19,61;Load
15,38461538;49;1721;67;45;90;19,61;Load
16,12903226;49;1721;67;47;90;19,61;Load
16,12903226;49;1721;67;47;37;19,61;Load
15,87301587;49;1747;67;47;37;19,61;Load
15,87301587;49;1747;67;47;37;19,61;Load
15,87301587;49;1747;67;47;37;19,61;Load
15,87301587;49;1747;67;47;37;19,61;Load
15,87301587;49;1747;67;47;37;19,61;Load
15,87301587;49;1747;67;47;37;19,61;Load
15,87301587;49;1747;67;47;37;14,12;Load
15,87301587;49;1747;67;47;37;14,12;Load
35,71428571;49;1747;30;47;37;14,12;Load
35,71428571;49;1611;30;44;19;13,33;Load
35,71428571;49;1611;30;44;19;13,33;Load
22,22222222;49;1611;49;44;19;13,33;Load
12,04819277;49;1611;49;24;19;13,33;Load
12,04819277;49;1611;49;24;32;13,33;Load
20,83333333;49;920;49;24;32;13,33;Load
20,83333333;49;920;49;24;32;13,33;Load
10,98901099;49;920;94;24;32;19,61;Load
7,092198582;54;1928;73;25;71;25,1;Torque
7,092198582;54;1928;73;25;71;25,1;Torque
7,092198582;54;1928;73;25;71;25,1;Torque
7,092198582;54;1928;73;25;71;25,1;Torque
7,092198582;54;1928;73;25;71;25,1;Torque
7,092198582;54;1928;73;25;71;25,1;Torque
7,092198582;54;1928;73;25;71;25,1;Torque
5,050505051;54;2712;73;25;45;25,1;Torque
5,050505051;54;2712;73;25;45;25,1;Torque
5,050505051;54;2712;73;25;45;25,1;Torque
5,050505051;54;2712;73;25;45;25,1;Torque
5,050505051;54;2712;73;25;45;25,1;Torque
5,050505051;54;2712;73;25;45;25,1;Torque
5,050505051;54;2712;73;25;45;25,1;Torque
5,050505051;54;2712;73;25;45;27,84;Torque
5,050505051;54;2712;73;25;45;27,84;Torque
13,15789474;54;2712;28;25;45;27,84;Torque
16,39344262;54;2712;28;31;45;27,84;Torque
19,60784314;54;2280;28;31;13;27,84;Torque
19,60784314;54;2280;28;31;13;27,84;Torque
19,60784314;54;2280;28;31;13;34,12;Torque
5,847953216;54;2280;93;31;13;34,12;Torque
6,993006993;54;2280;93;37;13;34,12;Torque
6,578947368;54;2424;93;37;84;34,12;Torque
6,578947368;54;2424;93;37;84;34,12;Torque
6,578947368;54;2424;93;37;84;34,12;Torque
6,578947368;54;2424;93;37;84;34,12;Torque
6,578947368;54;2424;93;37;84;34,12;Torque
6,578947368;54;2424;93;37;84;34,12;Torque
6,578947368;54;2424;93;37;84;34,12;Torque
6,578947368;54;2424;93;37;84;35,69;Torque
6,578947368;54;2424;93;37;84;35,69;Torque
7,299270073;54;2424;84;37;84;35,69;Torque
8,620689655;54;2424;84;44;84;35,69;Torque
7,194244604;54;2925;84;44;67;35,69;Torque
7,194244604;54;2925;84;44;67;35,69;Torque
7,194244604;54;2925;84;44;67;35,69;Torque
7,194244604;54;2925;84;44;67;35,69;Torque
7,194244604;54;2925;84;44;67;35,69;Torque
7,194244604;54;2925;84;44;67;35,69;Torque
7,194244604;54;2925;84;44;67;35,69;Torque
7,194244604;54;2925;84;44;67;15,29;Torque
7,194244604;54;2925;84;44;67;15,29;Torque
28,57142857;54;2925;21;44;67;15,29;Torque
31,25;54;2211;21;47;23;14,9;Torque
31,25;54;2211;27;47;23;14,9;Torque
28,57142857;54;2211;27;43;18;14,9;Torque
31,25;54;2019;27;43;18;14,9;Torque
31,25;54;2019;27;43;18;14,9;Torque
27,77777778;54;2019;31;43;18;14,9;Torque
23,80952381;54;2019;31;37;18;14,9;Torque
29,41176471;54;1644;31;37;20;15,29;Torque
29,41176471;54;1644;31;37;20;15,29;Torque
12,98701299;54;1644;69;37;20;15,29;Torque
6,369426752;54;1644;69;18;20;15,29;Torque
12,19512195;54;858;69;18;49;15,29;Torque
12,19512195;54;858;69;18;49;15,29;Torque
12,19512195;54;858;69;18;49;15,29;Torque
12,19512195;54;858;69;18;49;15,29;Torque
12,19512195;54;858;69;18;49;15,29;Torque
12,19512195;54;858;69;18;49;15,29;Torque
12,19512195;54;858;69;18;49;15,29;Torque
12,19512195;54;858;69;18;49;24,31;Torque
12,19512195;54;858;69;18;49;24,31;Torque
10,41666667;54;858;81;18;49;24,31;Torque
11,49425287;54;858;81;20;65;24,31;Torque
4,484304933;54;2206;81;20;65;24,31;Torque
4,484304933;54;2206;81;20;65;24,31;Torque
4,484304933;54;2206;81;20;65;24,31;Torque
4,484304933;54;2206;81;20;65;24,31;Torque
4,484304933;54;2206;81;20;65;24,31;Torque
4,484304933;54;2206;81;20;65;24,31;Torque
4,484304933;54;2206;81;20;65;24,31;Torque
4,484304933;54;2206;81;20;65;26,27;Torque
4,484304933;54;2206;81;20;65;26,27;Torque
14,49275362;54;2206;25;20;65;26,27;Torque
21,73913043;54;2206;25;30;23;26,27;Torque
19,60784314;54;2438;25;30;23;26,27;Torque
19,60784314;54;2438;25;30;23;18,04;Torque
19,60784314;51;2438;25;30;23;18,04;Torque
5,376344086;51;2438;91;30;23;18,04;Torque
5,376344086;51;2438;91;30;23;18,04;Torque
5,376344086;51;2438;91;30;23;18,04;Torque
5,376344086;51;2438;91;30;23;18,04;Torque
5,376344086;51;2438;91;30;23;18,04;Torque
5,376344086;51;2438;91;30;23;18,04;Torque
6,451612903;51;2438;91;36;23;18,04;Torque
6,451612903;51;2438;91;36;23;18,04;Torque
6,451612903;51;2438;91;36;23;18,04;Torque
6,451612903;51;2438;91;36;23;18,04;Torque
6,451612903;51;2438;91;36;23;18,04;Torque
6,666666667;51;2357;91;36;74;18,04;Torque
6,666666667;51;2357;91;36;74;18,04;Torque
6,666666667;51;2357;91;36;74;18,04;Torque
6,666666667;51;2357;91;36;74;18,04;Torque
6,666666667;51;2357;91;36;74;18,04;Torque
6,666666667;51;2357;91;36;74;18,04;Torque
6,666666667;51;2357;91;36;74;18,04;Torque
6,666666667;51;2357;91;36;74;18,04;Torque
6,666666667;51;2357;91;36;74;18,04;Torque
6,666666667;51;2357;91;36;74;18,04;Torque
6,666666667;51;2357;91;36;74;24,31;Torque
6,666666667;51;2357;91;36;74;24,31;Torque
7,692307692;51;2357;79;36;74;24,31;Torque
7,692307692;51;2357;79;36;74;24,31;Torque
9,174311927;51;2357;79;43;38;24,31;Torque
7,575757576;51;2844;79;43;38;24,31;Torque
7,575757576;51;2844;79;43;38;24,31;Torque
7,575757576;51;2844;79;43;38;24,31;Torque
7,575757576;51;2844;79;43;38;24,31;Torque
7,575757576;51;2844;79;43;38;24,31;Torque
7,575757576;51;2844;79;43;38;24,31;Torque
7,575757576;51;2844;79;43;38;24,31;Torque
7,575757576;51;2844;79;43;38;24,31;Torque
7,575757576;51;2844;79;43;38;24,31;Torque
7,575757576;51;2844;79;43;38;15,69;Torque
7,575757576;51;2844;79;43;38;15,69;Torque
21,27659574;51;2844;28;43;38;15,69;Torque
22,22222222;51;2228;28;35;18;15,69;Torque
22,22222222;51;2228;28;35;18;14,51;Torque
22,22222222;51;2228;28;35;18;14,51;Torque
18,86792453;51;2228;33;35;18;14,51;Torque
12,98701299;51;2228;33;24;23;14,51;Torque
27,02702703;51;1062;33;24;23;13,73;Torque
20;51;1062;28;15;23;13,73;Torque
14,70588235;51;1452;28;15;23;13,73;Torque
14,70588235;51;1452;28;15;23;13,73;Torque
14,70588235;51;1452;28;15;23;13,73;Torque
14,70588235;51;1452;28;15;23;13,73;Torque
14,70588235;51;1452;28;15;23;13,73;Torque
14,70588235;51;1452;28;15;23;13,73;Torque
14,70588235;51;1452;28;15;23;13,73;Torque
14,70588235;51;1452;28;15;23;34,9;Torque
14,70588235;51;1452;28;15;23;34,9;Torque
4,464285714;51;1452;92;15;23;34,9;Torque
6,535947712;51;1452;92;22;23;34,9;Torque
4,06504065;51;2336;92;22;72;34,9;Torque
4,06504065;51;2336;92;22;72;34,9;Torque
4,06504065;51;2336;92;22;72;34,9;Torque
4,06504065;51;2336;92;22;72;34,9;Torque
4,06504065;51;2336;92;22;72;34,9;Torque
4,06504065;51;2336;92;22;72;34,9;Torque
4,06504065;51;2336;92;22;72;34,9;Torque
4,06504065;51;2336;92;22;72;19,61;Torque
4,06504065;51;2336;92;22;72;19,61;Torque
5,050505051;51;2336;74;22;72;19,61;Torque
5,050505051;51;2336;74;22;72;19,61;Torque
5,050505051;51;2336;74;22;72;19,61;Torque
5,747126437;51;2336;74;25;72;19,61;Torque
5,747126437;51;2336;74;25;72;19,61;Torque
5,747126437;51;2336;74;25;72;19,61;Torque
4,854368932;51;2756;74;25;62;19,61;Torque
4,854368932;51;2756;74;25;62;19,61;Torque
4,854368932;51;2756;74;25;62;19,61;Torque
4,854368932;51;2756;74;25;62;19,61;Torque
4,854368932;51;2756;74;25;62;19,61;Torque
4,854368932;51;2756;74;25;62;19,61;Torque
4,854368932;51;2756;74;25;62;19,61;Torque
4,854368932;51;2756;74;25;62;14,51;Torque
4,854368932;51;2756;74;25;62;14,51;Torque
4,329004329;51;2756;83;25;62;14,51;Torque
5,376344086;51;2756;83;31;62;14,51;Torque
5,376344086;51;2756;83;31;62;14,51;Torque
5,376344086;51;2756;83;31;62;14,51;Torque
5,376344086;51;2756;83;31;62;14,51;Torque
5,376344086;51;2756;83;31;62;14,51;Torque
5,376344086;51;2756;83;31;62;14,51;Torque
7,142857143;51;2073;83;31;85;14,51;Torque
7,142857143;51;2073;83;31;85;14,51;Torque
7,142857143;51;2073;83;31;85;14,51;Torque
7,142857143;51;2073;83;31;85;14,51;Torque
7,142857143;51;2073;83;31;85;14,51;Torque
7,142857143;51;2073;83;31;85;14,51;Torque
7,142857143;51;2073;83;31;85;14,51;Torque
7,142857143;51;2073;83;31;85;30,98;Torque
7,142857143;51;2073;83;31;85;30,98;Torque
6,896551724;51;2073;86;31;85;30,98;Torque
8,695652174;51;2073;86;39;85;30,98;Torque
6,993006993;51;2572;86;39;67;30,98;Torque
6,993006993;51;2572;86;39;67;30,98;Torque
6,993006993;51;2572;86;39;67;30,98;Torque
6,993006993;51;2572;86;39;67;30,98;Torque
6,993006993;51;2572;86;39;67;30,98;Torque
6,993006993;51;2572;86;39;67;30,98;Torque
6,993006993;51;2572;86;39;67;30,98;Torque
6,993006993;51;2572;86;39;67;20,78;Torque
6,993006993;51;2572;86;39;67;20,78;Torque
10,52631579;51;2572;57;39;67;20,78;Torque
11,11111111;51;2572;57;41;67;20,78;Torque
10,52631579;51;2701;57;41;45;20,78;Torque
10,52631579;51;2701;57;41;45;20,78;Torque
10,52631579;51;2701;57;41;45;20,78;Torque
10,52631579;51;2701;57;41;45;20,78;Torque
10,52631579;51;2701;57;41;45;20,78;Torque
10,52631579;51;2701;57;41;45;20,78;Torque
10,52631579;51;2701;57;41;45;20,78;Torque
10,52631579;51;2701;57;41;45;35,69;Torque
10,52631579;51;2701;57;41;45;35,69;Torque
6,493506494;51;2701;93;41;45;35,69;Torque
7,092198582;51;2701;93;45;45;35,69;Torque
6,41025641;51;2987;93;45;67;35,69;Torque
6,41025641;51;2987;93;45;67;35,69;Torque
6,41025641;51;2987;93;45;67;35,69;Torque
6,41025641;51;2987;93;45;67;35,69;Torque
6,41025641;51;2987;93;45;67;35,69;Torque
6,41025641;51;2987;93;45;67;35,69;Torque
6,41025641;51;2987;93;45;67;35,69;Torque
6,41025641;51;2987;93;45;67;15,29;Torque
6,41025641;51;2987;93;45;67;15,29;Torque
23,80952381;51;2987;25;45;67;15,29;Torque
25;51;2987;25;47;67;15,29;Torque
35,71428571;51;2122;25;47;24;14,9;Torque
31,25;51;2122;28;47;24;14,9;Torque
27,77777778;51;2122;28;42;24;14,9;Torque
31,25;51;1916;28;42;21;14,9;Torque
31,25;51;1916;28;42;21;23,53;Torque
11,76470588;51;1916;74;42;21;23,53;Torque
12,65822785;51;1916;74;45;48;23,53;Torque
11,76470588;51;2059;74;45;48;23,53;Torque
11,76470588;51;2059;74;45;48;23,53;Torque
11,76470588;51;2059;74;45;48;23,53;Torque
11,76470588;51;2059;74;45;48;23,53;Torque
11,76470588;51;2059;74;45;48;23,53;Torque
11,76470588;51;2059;74;45;48;23,53;Torque
11,76470588;51;2059;74;45;48;23,53;Torque
11,76470588;51;2059;74;45;48;18,04;Torque
11,76470588;51;2059;74;45;48;18,04;Torque
19,60784314;51;2067;44;45;36;18,04;Torque
19,60784314;51;2067;44;45;36;14,51;Torque
19,60784314;51;2067;44;45;36;14,51;Torque
32,25806452;51;1812;27;40;18;13,73;Torque
32,25806452;49;1812;27;40;18;13,73;Torque
18,86792453;49;1812;46;40;18;13,73;Torque
7,575757576;49;1812;46;16;18;13,73;Torque
7,575757576;49;1812;46;16;18;13,73;Torque
7,575757576;49;1812;46;16;18;13,73;Torque
7,575757576;49;1812;46;16;18;13,73;Torque
7,575757576;49;1812;46;16;18;13,73;Torque
7,575757576;49;1812;46;16;18;13,73;Torque
7,575757576;49;1812;46;16;18;13,73;Torque
7,575757576;49;1812;46;16;18;13,73;Torque
7,575757576;49;1812;46;16;18;13,73;Torque
7,575757576;49;1812;46;16;18;13,73;Torque
7,575757576;49;1812;46;16;18;13,73;Torque
15,15151515;49;903;46;16;36;13,73;Torque
15,15151515;49;903;46;16;36;13,73;Torque
15,15151515;49;903;46;16;36;13,73;Torque
15,15151515;49;903;46;16;36;13,73;Torque
15,15151515;49;903;46;16;36;13,73;Torque
15,15151515;49;903;46;16;36;13,73;Torque
15,15151515;49;903;46;16;36;13,73;Torque
15,15151515;49;903;46;16;36;18,43;Torque
15,15151515;49;903;46;16;36;18,43;Torque
15,15151515;49;903;46;16;36;18,43;Torque
9,708737864;49;903;72;16;36;18,43;Torque
9,708737864;49;903;72;16;47;18,43;Torque
5,524861878;49;1588;72;16;47;18,43;Torque
5,524861878;49;1588;72;16;47;18,43;Torque
5,524861878;49;1588;72;16;47;18,43;Torque
5,524861878;49;1588;72;16;47;18,43;Torque
5,524861878;49;1588;72;16;47;18,43;Torque
5,524861878;49;1588;72;16;47;18,43;Torque
5,524861878;49;1588;72;16;47;18,43;Torque
5,524861878;49;1588;72;16;47;23,53;Torque
5,524861878;49;1588;72;16;47;23,53;Torque
5,154639175;49;1588;77;16;47;23,53;Torque
7,092198582;49;1588;77;22;59;23,53;Torque
7,092198582;49;1588;77;22;59;23,53;Torque
7,092198582;49;1588;77;22;59;23,53;Torque
7,092198582;49;1588;77;22;59;23,53;Torque
7,092198582;49;1588;77;22;59;23,53;Torque
7,092198582;49;1588;77;22;59;23,53;Torque
7,092198582;49;1588;77;22;59;23,53;Torque
3,608294931;49;2444;77;22;59;23,53;Torque
3,608294931;49;2444;77;22;59;23,53;Torque
3,608294931;49;2444;77;22;59;23,53;Torque
3,608294931;49;2444;77;22;59;23,53;Torque
3,608294931;49;2444;77;22;59;23,53;Torque
3,608294931;49;2444;77;22;59;23,53;Torque
3,608294931;49;2444;77;22;59;25,1;Torque
3,608294931;49;2444;77;22;59;25,1;Torque
3,608294931;49;2444;77;22;59;25,1;Torque
6,329113924;49;2444;56;22;59;25,1;Torque
6,329113924;49;2444;56;22;59;25,1;Torque
6,329113924;49;2444;56;22;59;25,1;Torque
6,329113924;49;2444;56;22;59;25,1;Torque
6,329113924;49;2444;56;22;59;25,1;Torque
6,329113924;49;2444;56;22;59;25,1;Torque
8,620689655;49;2444;56;30;14;25,1;Torque
8,26446281;49;2551;56;30;14;25,1;Torque
8,26446281;49;2551;56;30;14;25,1;Torque
8,26446281;49;2551;56;30;14;25,1;Torque
8,26446281;49;2551;56;30;14;25,1;Torque
8,26446281;49;2551;56;30;14;25,1;Torque
8,26446281;49;2551;56;30;14;25,1;Torque
8,26446281;49;2551;56;30;14;28,63;Torque
8,26446281;49;2551;56;30;14;28,63;Torque
5,208333333;49;2551;89;30;14;28,63;Torque
6,097560976;49;2551;89;35;14;28,63;Torque
6,535947712;49;2378;89;35;74;28,63;Torque
6,535947712;49;2378;89;35;74;28,63;Torque
6,535947712;49;2378;89;35;74;28,63;Torque
6,535947712;49;2378;89;35;74;28,63;Torque
6,535947712;49;2378;89;35;74;28,63;Torque
6,535947712;49;2378;89;35;74;28,63;Torque
6,535947712;49;2378;89;35;74;28,63;Torque
6,535947712;49;2378;89;35;74;20,39;Torque
6,535947712;49;2378;89;35;74;20,39;Torque
11,62790698;49;2378;50;35;74;20,39;Torque
13,51351351;49;2378;50;41;74;20,39;Torque
11,76470588;49;2734;50;41;41;20,39;Torque
11,76470588;49;2734;50;41;41;20,39;Torque
11,76470588;49;2734;50;41;41;20,39;Torque
11,76470588;49;2734;50;41;41;20,39;Torque
11,76470588;49;2734;50;41;41;20,39;Torque
11,76470588;49;2734;50;41;41;20,39;Torque
11,76470588;49;2734;50;41;41;20,39;Torque
11,76470588;49;2734;50;41;41;18,04;Torque
11,76470588;49;2734;50;41;41;18,04;Torque
11,76470588;49;2734;50;41;41;18,04;Torque
14,70588235;49;2734;40;41;41;18,04;Torque
15,87301587;49;2734;40;44;26;18,04;Torque
14,92537313;49;2908;40;44;26;18,04;Torque
14,92537313;49;2908;40;44;26;18,04;Torque
14,92537313;49;2908;40;44;26;18,04;Torque
14,92537313;49;2908;40;44;26;18,04;Torque
14,92537313;49;2908;40;44;26;18,04;Torque
14,92537313;49;2908;40;44;26;18,04;Torque
14,92537313;49;2908;40;44;26;24,71;Torque
14,92537313;49;2908;40;44;26;24,71;Torque
14,92537313;49;2908;40;44;26;24,71;Torque
17,54385965;49;2908;34;44;26;24,71;Torque
18,86792453;49;2908;34;47;15;24,71;Torque
25;49;2172;34;47;15;18,04;Torque
25;49;2172;34;47;15;18,04;Torque
18,18181818;49;2172;47;47;15;18,04;Torque
17,54385965;49;2211;47;46;32;18,04;Torque
17,54385965;49;2211;47;46;32;18,04;Torque
17,54385965;49;2211;47;46;32;14,12;Torque
17,54385965;49;2211;47;46;32;14,12;Torque
33,33333333;49;2211;24;45;32;14,12;Torque
30,3030303;49;2158;27;45;15;14,9;Torque
32,25806452;49;1949;27;43;18;14,9;Torque
18,86792453;49;1949;46;43;18;14,9;Torque
14,08450704;49;1949;46;32;18;14,9;Torque
13,33333333;49;2057;46;32;21;14,9;Torque
13,33333333;49;2057;46;32;21;14,9;Torque
13,33333333;49;2057;46;32;21;14,9;Torque
13,33333333;49;2057;46;32;21;14,9;Torque
13,33333333;49;2057;46;32;21;14,9;Torque
13,33333333;49;2057;46;32;21;14,9;Torque
13,33333333;49;2057;46;32;21;14,9;Torque
13,33333333;49;2057;46;32;21;23,53;Torque
13,33333333;49;2057;46;32;21;23,53;Torque
10,98901099;49;2057;56;32;21;23,53;Torque
12,04819277;49;2057;56;35;21;23,53;Torque
10,63829787;49;2317;56;35;35;23,53;Torque
10,63829787;49;2317;56;35;35;23,53;Torque
10,63829787;49;2317;56;35;35;23,53;Torque
10,63829787;49;2317;56;35;35;23,53;Torque
10,63829787;49;2317;56;35;35;23,53;Torque
10,63829787;49;2317;56;35;35;23,53;Torque
10,63829787;49;2317;56;35;35;23,53;Torque
10,63829787;49;2317;56;35;35;20,39;Torque
10,63829787;49;2317;56;35;35;20,39;Torque
6,993006993;49;2317;85;35;35;20,39;Torque
6,849315068;49;2317;85;36;35;20,39;Torque
6,849315068;49;2437;85;36;76;20,39;Torque
6,849315068;49;2437;85;36;76;20,39;Torque
6,849315068;49;2437;85;36;76;20,39;Torque
6,849315068;49;2437;85;36;76;20,39;Torque
6,849315068;49;2437;85;36;76;20,39;Torque
6,849315068;49;2437;85;36;76;20,39;Torque
6,849315068;49;2437;85;36;76;20,39;Torque
6,849315068;49;2437;85;36;76;24,71;Torque
6,849315068;49;2437;85;36;76;24,71;Torque
8,196721311;49;2437;71;36;76;24,71;Torque
10;49;2437;71;44;76;24,71;Torque
8,474576271;49;2893;71;44;52;24,71;Torque
8,474576271;49;2893;71;44;52;24,71;Torque
8,474576271;49;2893;71;44;52;24,71;Torque
8,474576271;49;2893;71;44;52;24,71;Torque
8,474576271;49;2893;71;44;52;24,71;Torque
8,474576271;49;2893;71;44;52;24,71;Torque
8,474576271;49;2893;71;44;52;24,71;Torque
8,474576271;49;2893;71;44;52;16,08;Torque
8,474576271;49;2893;71;44;52;16,08;Torque
26,31578947;49;2859;23;44;16;15,69;Torque
26,31578947;49;2859;23;44;16;15,69;Torque
26,31578947;48;2859;23;44;16;15,69;Torque
17,85714286;48;2859;34;44;16;15,69;Torque
11,36363636;48;2859;34;28;16;15,69;Torque
25,64102564;48;1262;34;28;28;15,69;Torque
25,64102564;48;1262;34;28;28;14,51;Torque
25,64102564;48;1262;34;28;28;14,51;Torque
22,22222222;48;1262;39;28;28;14,51;Torque
22,22222222;48;1262;39;28;28;14,51;Torque
9,090909091;48;1892;39;17;31;14,51;Torque
9,090909091;48;1892;39;17;31;14,51;Torque
9,090909091;48;1892;39;17;31;14,51;Torque
9,090909091;48;1892;39;17;31;14,51;Torque
9,090909091;48;1892;39;17;31;14,51;Torque
9,090909091;48;1892;39;17;31;14,51;Torque
9,090909091;48;1892;39;17;31;14,51;Torque
9,090909091;48;1892;39;17;31;27,45;Torque
9,090909091;48;1892;39;17;31;27,45;Torque
9,090909091;48;1892;39;17;31;27,45;Torque
4,255319149;48;1892;83;17;31;27,45;Torque
6,024096386;48;1892;83;24;52;27,45;Torque
6,024096386;48;1892;83;24;52;27,45;Torque
6,024096386;48;1892;83;24;52;27,45;Torque
6,024096386;48;1892;83;24;52;27,45;Torque
6,024096386;48;1892;83;24;52;27,45;Torque
6,024096386;48;1892;83;24;52;27,45;Torque
3,166666667;48;2729;83;24;52;27,45;Torque
3,166666667;48;2729;83;24;52;27,45;Torque
3,166666667;48;2729;83;24;52;27,45;Torque
3,166666667;48;2729;83;24;52;27,45;Torque
3,166666667;48;2729;83;24;52;27,45;Torque
3,166666667;48;2729;83;24;52;27,45;Torque
3,166666667;48;2729;83;24;52;15,29;Torque
3,166666667;48;2729;83;24;52;15,29;Torque
3,166666667;48;2729;82;24;52;15,29;Torque
5,263157895;48;2729;82;30;52;15,29;Torque
7,042253521;48;2041;82;30;68;15,29;Torque
7,042253521;48;2041;82;30;68;15,29;Torque
7,042253521;48;2041;82;30;68;15,29;Torque
7,042253521;48;2041;82;30;68;15,29;Torque
7,042253521;48;2041;82;30;68;15,29;Torque
7,042253521;48;2041;82;30;68;15,29;Torque
7,042253521;48;2041;82;30;68;15,29;Torque
7,042253521;48;2041;82;30;68;15,29;Torque
7,042253521;48;2041;82;30;68;22,75;Torque
7,042253521;48;2041;82;30;68;22,75;Torque
8,130081301;48;2041;71;30;68;22,75;Torque
10;48;2041;71;37;53;22,75;Torque
8,333333333;48;2465;71;37;53;22,75;Torque
8,333333333;48;2465;71;37;53;22,75;Torque
8,333333333;48;2465;71;37;53;22,75;Torque
8,333333333;48;2465;71;37;53;22,75;Torque
8,333333333;48;2465;71;37;53;22,75;Torque
8,333333333;48;2465;71;37;53;22,75;Torque
8,333333333;48;2465;71;37;53;22,75;Torque
8,333333333;48;2465;71;37;53;26,27;Torque
8,333333333;48;2465;71;37;53;26,27;Torque
7,299270073;48;2465;81;37;53;26,27;Torque
8,26446281;48;2465;81;42;53;26,27;Torque
7,194244604;48;2839;81;42;62;26,27;Torque
7,194244604;48;2839;81;42;62;26,27;Torque
7,194244604;48;2839;81;42;62;26,27;Torque
7,194244604;48;2839;81;42;62;26,27;Torque
7,194244604;48;2839;81;42;62;26,27;Torque
7,194244604;48;2839;81;42;62;26,27;Torque
7,194244604;48;2839;81;42;62;26,27;Torque
7,194244604;48;2839;81;42;62;25,1;Torque
7,194244604;48;2839;81;42;62;25,1;Torque
9,259259259;48;2839;63;42;62;25,1;Torque
10,52631579;48;2839;63;48;62;25,1;Torque
9,708737864;48;3084;63;48;25;25,1;Torque
9,708737864;48;3084;63;48;25;25,1;Torque
9,708737864;48;3084;63;48;25;25,1;Torque
9,708737864;48;3084;63;48;25;25,1;Torque
9,708737864;48;3084;63;48;25;25,1;Torque
9,708737864;48;3084;63;48;25;25,1;Torque
9,708737864;48;3084;63;48;25;25,1;Torque
9,708737864;48;3084;63;48;25;22,75;Torque
9,708737864;48;3084;63;48;25;22,75;Torque
24,3902439;48;3084;25;48;25;22,75;Torque
22,72727273;48;3084;25;45;25;22,75;Torque
26,31578947;48;2432;28;45;14;14,9;Torque
30,3030303;48;1927;28;41;18;13,73;Torque
19,60784314;48;1927;43;41;18;13,73;Torque
9,523809524;48;1927;43;20;18;13,73;Torque
9,523809524;48;1927;43;20;30;13,73;Torque
20;48;912;43;20;30;13,73;Torque
20;48;912;43;20;30;13,73;Torque
20;48;912;43;20;30;13,73;Torque
20;48;912;43;20;30;14,9;Torque
20;48;912;43;20;30;14,9;Torque
20;48;912;43;20;30;14,9;Torque
5,555555556;48;912;93;20;30;14,9;Torque
5,555555556;48;912;93;20;30;14,9;Torque
5,555555556;48;912;93;20;30;14,9;Torque
5,555555556;48;912;93;20;30;14,9;Torque
5,555555556;48;912;93;20;30;14,9;Torque
5,555555556;48;912;93;20;30;14,9;Torque
5,555555556;48;912;93;20;30;14,9;Torque
5,555555556;48;912;93;12;85;14,9;Torque
3,098360656;48;1240;93;12;85;14,9;Torque
3,098360656;48;1240;93;12;85;14,9;Torque
3,098360656;48;1240;93;12;85;14,9;Torque
3,098360656;48;1240;93;12;85;14,9;Torque
3,098360656;48;1240;93;12;85;14,9;Torque
3,098360656;48;1240;93;12;85;14,9;Torque
3,098360656;48;1240;93;12;85;14,9;Torque
3,098360656;48;1240;93;12;85;13,73;Torque
